"","date","BTC","SP500"
"1","2013-02-20",29.65,1511.949951
"2","2013-02-21",29.75,1502.420044
"3","2013-02-22",30.25,1515.599976
"4","2013-02-25",30.4,1487.849976
"5","2013-02-26",31.1,1496.939941
"6","2013-02-27",30.9,1515.98999
"7","2013-02-28",33.380001,1514.680054
"8","2013-03-01",34.5,1518.199951
"9","2013-03-04",36.150002,1525.199951
"10","2013-03-05",40.330002,1539.790039
"11","2013-03-06",41.02,1541.459961
"12","2013-03-07",42,1544.26001
"13","2013-03-08",44.18,1551.180054
"14","2013-03-11",48.400002,1556.219971
"15","2013-03-12",44.290001,1552.47998
"16","2013-03-13",46.919998,1554.52002
"17","2013-03-14",47.169998,1563.22998
"18","2013-03-15",46.950001,1560.699951
"19","2013-03-18",51.599998,1552.099976
"20","2013-03-19",59.139999,1548.339966
"21","2013-03-20",64.489998,1558.709961
"22","2013-03-21",70.849998,1545.800049
"23","2013-03-22",69.870003,1556.890015
"24","2013-03-25",73.599998,1551.689941
"25","2013-03-26",78.5,1563.77002
"26","2013-03-27",88.919998,1562.849976
"27","2013-03-28",86.18,1569.189941
"28","2013-04-01",117.980003,1562.170044
"29","2013-04-02",135,1570.25
"30","2013-04-03",132.119995,1553.689941
"31","2013-04-04",142.320007,1559.97998
"32","2013-04-05",142.630005,1553.280029
"33","2013-04-08",230,1563.069946
"34","2013-04-09",165,1568.609985
"35","2013-04-10",124.900002,1587.72998
"36","2013-04-11",117,1593.369995
"37","2013-04-12",93,1588.849976
"38","2013-04-15",68.360001,1552.359985
"39","2013-04-16",93.07,1574.569946
"40","2013-04-17",109.010002,1552.01001
"41","2013-04-18",118.480003,1541.609985
"42","2013-04-19",126.620003,1555.25
"43","2013-04-22",143.479996,1562.5
"44","2013-04-23",154.199997,1578.780029
"45","2013-04-24",141.710007,1578.790039
"46","2013-04-25",136.899994,1585.160034
"47","2013-04-26",128,1582.23999
"48","2013-04-29",139.229996,1593.609985
"49","2013-04-30",116.379997,1597.569946
"50","2013-05-01",106.25,1582.699951
"51","2013-05-02",98.099998,1597.589966
"52","2013-05-03",112.900002,1614.420044
"53","2013-05-06",109.599998,1617.5
"54","2013-05-07",113.199997,1625.959961
"55","2013-05-08",112.800003,1632.689941
"56","2013-05-09",117.699997,1626.670044
"57","2013-05-10",115.639999,1633.699951
"58","2013-05-13",111.400002,1633.77002
"59","2013-05-14",114.220001,1650.339966
"60","2013-05-15",118.209999,1658.780029
"61","2013-05-16",123.5,1650.469971
"62","2013-05-17",123.209999,1667.469971
"63","2013-05-20",122.889999,1666.290039
"64","2013-05-21",123.800003,1669.160034
"65","2013-05-22",126.300003,1655.349976
"66","2013-05-23",133.100006,1650.51001
"67","2013-05-24",131.990005,1649.599976
"68","2013-05-28",132.25,1660.060059
"69","2013-05-29",128.800003,1648.359985
"70","2013-05-30",128.820007,1654.410034
"71","2013-05-31",129.300003,1630.73999
"72","2013-06-03",121.400002,1640.420044
"73","2013-06-04",121.900002,1631.380005
"74","2013-06-05",118.970001,1608.900024
"75","2013-06-06",111,1622.560059
"76","2013-06-07",107.889999,1643.380005
"77","2013-06-10",109,1642.810059
"78","2013-06-11",108.779999,1626.130005
"79","2013-06-12",103.949997,1612.52002
"80","2013-06-13",100,1636.359985
"81","2013-06-14",99.800003,1626.72998
"82","2013-06-17",107.349998,1639.040039
"83","2013-06-18",108.25,1651.810059
"84","2013-06-19",111.290001,1628.930054
"85","2013-06-20",109.5,1588.189941
"86","2013-06-21",108.199997,1592.430054
"87","2013-06-24",103.330002,1573.089966
"88","2013-06-25",104,1588.030029
"89","2013-06-26",101.739998,1603.26001
"90","2013-06-27",94.660004,1613.199951
"91","2013-06-28",95,1606.280029
"92","2013-07-01",90.410004,1614.959961
"93","2013-07-02",78.889999,1614.079956
"94","2013-07-03",80.040001,1615.410034
"95","2013-07-05",69.660004,1631.890015
"96","2013-07-08",76.699997,1640.459961
"97","2013-07-09",88,1652.319946
"98","2013-07-10",88.980003,1652.619995
"99","2013-07-11",93.989998,1675.02002
"100","2013-07-12",98.32,1680.189941
"101","2013-07-15",97.099998,1682.5
"102","2013-07-16",98.5,1676.26001
"103","2013-07-17",90.07,1680.910034
"104","2013-07-18",92,1689.369995
"105","2013-07-19",89.82,1692.089966
"106","2013-07-22",95.559998,1695.530029
"107","2013-07-23",95.089996,1692.390015
"108","2013-07-24",96.949997,1685.939941
"109","2013-07-25",96.019997,1690.25
"110","2013-07-26",94.400002,1691.650024
"111","2013-07-29",107.959999,1685.329956
"112","2013-07-30",106.209999,1685.959961
"113","2013-07-31",104,1685.72998
"114","2013-08-01",104.5,1706.869995
"115","2013-08-02",104.949997,1709.670044
"116","2013-08-05",106.559998,1707.140015
"117","2013-08-06",105.989998,1697.369995
"118","2013-08-07",103.050003,1690.910034
"119","2013-08-08",102.800003,1697.47998
"120","2013-08-09",103,1691.420044
"121","2013-08-12",109.599998,1689.469971
"122","2013-08-13",112.559998,1694.160034
"123","2013-08-14",109.989998,1685.390015
"124","2013-08-15",108.989998,1661.319946
"125","2013-08-16",112.75,1655.829956
"126","2013-08-19",121.199997,1646.060059
"127","2013-08-20",123.300003,1652.349976
"128","2013-08-21",122,1642.800049
"129","2013-08-22",118.510002,1656.959961
"130","2013-08-23",119.599998,1663.5
"131","2013-08-26",131.289993,1656.780029
"132","2013-08-27",128.759995,1630.47998
"133","2013-08-28",129.300003,1634.959961
"134","2013-08-29",138.029999,1638.170044
"135","2013-08-30",141,1632.969971
"136","2013-09-03",132.509995,1639.77002
"137","2013-09-04",130.199997,1653.079956
"138","2013-09-05",121.900002,1655.079956
"139","2013-09-06",128.990005,1655.170044
"140","2013-09-09",132.619995,1671.709961
"141","2013-09-10",142.100006,1683.98999
"142","2013-09-11",139.350006,1689.130005
"143","2013-09-12",140.660004,1683.420044
"144","2013-09-13",136.710007,1687.98999
"145","2013-09-16",139.149994,1697.599976
"146","2013-09-17",140.410004,1704.76001
"147","2013-09-18",135.050003,1725.52002
"148","2013-09-19",133.809998,1722.339966
"149","2013-09-20",134.380005,1709.910034
"150","2013-09-23",134.779999,1701.839966
"151","2013-09-24",135,1697.420044
"152","2013-09-25",137.100006,1692.77002
"153","2013-09-26",138.929993,1698.670044
"154","2013-09-27",142.5,1691.75
"155","2013-09-30",140.300003,1681.550049
"156","2013-10-01",123,1695
"157","2013-10-02",130.990005,1693.869995
"158","2013-10-03",136.820007,1678.660034
"159","2013-10-04",136.699997,1690.5
"160","2013-10-07",136.490005,1676.119995
"161","2013-10-08",139.5,1655.449951
"162","2013-10-09",140.410004,1656.400024
"163","2013-10-10",140.100006,1692.560059
"164","2013-10-11",142.889999,1703.199951
"165","2013-10-14",158.089996,1710.140015
"166","2013-10-15",152.820007,1698.060059
"167","2013-10-16",157.589996,1721.540039
"168","2013-10-17",168.279999,1733.150024
"169","2013-10-18",183.149994,1744.5
"170","2013-10-21",202.990005,1744.660034
"171","2013-10-22",227.970001,1754.670044
"172","2013-10-23",206.979996,1746.380005
"173","2013-10-24",197.880005,1752.069946
"174","2013-10-25",188.559998,1759.77002
"175","2013-10-28",206.899994,1762.109985
"176","2013-10-29",216,1771.949951
"177","2013-10-30",208,1763.310059
"178","2013-10-31",211.169998,1756.540039
"179","2013-11-01",213.429993,1761.640015
"180","2013-11-04",238.160004,1767.930054
"181","2013-11-05",251.300003,1762.969971
"182","2013-11-06",264.100006,1770.48999
"183","2013-11-07",309.649994,1747.150024
"184","2013-11-08",355,1770.609985
"185","2013-11-11",362.980011,1771.890015
"186","2013-11-12",380.040009,1767.689941
"187","2013-11-13",434.850006,1782
"188","2013-11-14",433.399994,1790.619995
"189","2013-11-15",433.920013,1798.180054
"190","2013-11-18",785.429993,1791.530029
"191","2013-11-19",645.690002,1787.869995
"192","2013-11-20",637.969971,1781.369995
"193","2013-11-21",764.909973,1795.849976
"194","2013-11-22",802,1804.76001
"195","2013-11-25",829.98999,1802.47998
"196","2013-11-26",969.960022,1802.75
"197","2013-11-27",1079.890015,1807.22998
"198","2013-11-29",1206.930054,1805.810059
"199","2013-12-02",1096.560059,1800.900024
"200","2013-12-03",1154.859985,1795.150024
"201","2013-12-04",1237.550049,1792.810059
"202","2013-12-05",1106.349976,1785.030029
"203","2013-12-06",845.02002,1805.089966
"204","2013-12-09",918.950012,1808.369995
"205","2013-12-10",1033.719971,1802.619995
"206","2013-12-11",919.929993,1782.219971
"207","2013-12-12",899.97998,1775.5
"208","2013-12-13",936.77002,1775.319946
"209","2013-12-16",759.919983,1786.540039
"210","2013-12-17",714.969971,1781
"211","2013-12-18",540.97998,1810.650024
"212","2013-12-19",731.950012,1809.599976
"213","2013-12-20",649.960022,1818.319946
"214","2013-12-23",713.23999,1827.98999
"215","2013-12-24",702.75,1833.319946
"216","2013-12-26",801.97998,1842.02002
"217","2013-12-27",803.049988,1841.400024
"218","2013-12-30",804.830017,1841.069946
"219","2013-12-31",805.940002,1848.359985
"220","2014-01-02",856.909973,1831.97998
"221","2014-01-03",884.26001,1831.369995
"222","2014-01-06",1012.650024,1826.77002
"223","2014-01-07",879.900024,1837.880005
"224","2014-01-08",938.840027,1837.48999
"225","2014-01-09",936.950012,1838.130005
"226","2014-01-10",957.76001,1842.369995
"227","2014-01-13",922.909973,1819.199951
"228","2014-01-14",919.280029,1838.880005
"229","2014-01-15",941.219971,1848.380005
"230","2014-01-16",913.48999,1845.890015
"231","2014-01-17",894.159973,1838.699951
"232","2014-01-21",962.210022,1843.800049
"233","2014-01-22",950.950012,1844.859985
"234","2014-01-23",944.159973,1828.459961
"235","2014-01-24",916.549988,1790.290039
"236","2014-01-27",943.539978,1781.560059
"237","2014-01-28",932.679993,1792.5
"238","2014-01-29",925.669983,1774.199951
"239","2014-01-30",941.390015,1794.189941
"240","2014-01-31",938.849976,1782.589966
"241","2014-02-03",931.710022,1741.890015
"242","2014-02-04",926.640015,1755.199951
"243","2014-02-05",904.52002,1751.640015
"244","2014-02-06",828.869995,1773.430054
"245","2014-02-07",695.650024,1797.02002
"246","2014-02-10",582.630005,1799.839966
"247","2014-02-11",578.960022,1819.75
"248","2014-02-12",531.130005,1819.26001
"249","2014-02-13",451.440002,1829.829956
"250","2014-02-14",427.679993,1838.630005
"251","2014-02-18",293.950012,1840.76001
"252","2014-02-19",261.529999,1828.75
"253","2014-02-20",111.919998,1839.780029
"254","2014-02-21",111.559998,1836.25
"255","2014-02-24",174,1847.609985
"256","2014-02-25",135.779999,1845.119995
"257","2014-02-26",593.140015,1845.160034
"258","2014-02-27",596.48999,1854.290039
"259","2014-02-28",573.940002,1859.449951
"260","2014-03-03",662.179993,1845.72998
"261","2014-03-04",661.849976,1873.910034
"262","2014-03-05",658.299988,1873.810059
"263","2014-03-06",648.26001,1877.030029
"264","2014-03-07",616.72998,1878.040039
"265","2014-03-10",612.969971,1877.170044
"266","2014-03-11",608.690002,1867.630005
"267","2014-03-12",619.429993,1868.199951
"268","2014-03-13",625.039978,1846.339966
"269","2014-03-14",614.030029,1841.130005
"270","2014-03-17",606.380005,1858.829956
"271","2014-03-18",598.929993,1872.25
"272","2014-03-19",594.960022,1860.77002
"273","2014-03-20",565.98999,1872.01001
"274","2014-03-21",549.599976,1866.52002
"275","2014-03-24",567.559998,1857.439941
"276","2014-03-25",562.890015,1865.619995
"277","2014-03-26",562.450012,1852.560059
"278","2014-03-27",460.450012,1849.040039
"279","2014-03-28",482.609985,1857.619995
"280","2014-03-31",463.450012,1872.339966
"281","2014-04-01",424.369995,1885.52002
"282","2014-04-02",436.309998,1890.900024
"283","2014-04-03",444.359985,1888.77002
"284","2014-04-04",456.630005,1865.089966
"285","2014-04-07",466.559998,1845.040039
"286","2014-04-08",457.339996,1851.959961
"287","2014-04-09",384.630005,1872.180054
"288","2014-04-10",435.140015,1833.079956
"289","2014-04-11",437.649994,1815.689941
"290","2014-04-14",526.429993,1830.609985
"291","2014-04-15",536.950012,1842.97998
"292","2014-04-16",502,1862.310059
"293","2014-04-17",485.519989,1864.849976
"294","2014-04-21",487.910004,1871.890015
"295","2014-04-22",487.299988,1879.550049
"296","2014-04-23",500.290009,1875.390015
"297","2014-04-24",464.48999,1878.609985
"298","2014-04-25",457.869995,1863.400024
"299","2014-04-28",446.119995,1869.430054
"300","2014-04-29",445.630005,1878.329956
"301","2014-04-30",460.130005,1883.949951
"302","2014-05-01",453.670013,1883.680054
"303","2014-05-02",438.649994,1881.140015
"304","2014-05-05",432.190002,1884.660034
"305","2014-05-06",446.549988,1867.719971
"306","2014-05-07",441.109985,1878.209961
"307","2014-05-08",445.450012,1875.630005
"308","2014-05-09",451.899994,1878.47998
"309","2014-05-12",433.920013,1896.650024
"310","2014-05-13",442.630005,1897.449951
"311","2014-05-14",448.100006,1888.530029
"312","2014-05-15",453.630005,1870.849976
"313","2014-05-16",452.790009,1877.859985
"314","2014-05-19",484.570007,1885.079956
"315","2014-05-20",488.839996,1872.829956
"316","2014-05-21",515.359985,1888.030029
"317","2014-05-22",518.090027,1892.48999
"318","2014-05-23",520.460022,1900.530029
"319","2014-05-27",570.840027,1911.910034
"320","2014-05-28",564.419983,1909.780029
"321","2014-05-29",612.349976,1920.030029
"322","2014-05-30",627.909973,1923.569946
"323","2014-06-02",669.429993,1924.969971
"324","2014-06-03",638.929993,1924.23999
"325","2014-06-04",660.179993,1927.880005
"326","2014-06-05",650.409973,1940.459961
"327","2014-06-06",651.669983,1949.439941
"328","2014-06-09",655.619995,1951.27002
"329","2014-06-10",642.950012,1950.790039
"330","2014-06-11",597.130005,1943.890015
"331","2014-06-12",610.349976,1930.109985
"332","2014-06-13",583.419983,1936.160034
"333","2014-06-16",605.090027,1937.780029
"334","2014-06-17",606.210022,1941.98999
"335","2014-06-18",600.169983,1956.97998
"336","2014-06-19",590.75,1959.47998
"337","2014-06-20",597.039978,1962.869995
"338","2014-06-23",588.77002,1962.609985
"339","2014-06-24",568.450012,1949.97998
"340","2014-06-25",582.700012,1959.530029
"341","2014-06-26",602.22998,1957.219971
"342","2014-06-27",597.559998,1960.959961
"343","2014-06-30",643.190002,1960.22998
"344","2014-07-01",645.719971,1973.319946
"345","2014-07-02",638.030029,1974.619995
"346","2014-07-03",623.960022,1985.439941
"347","2014-07-07",615.320007,1977.650024
"348","2014-07-08",623,1963.709961
"349","2014-07-09",618.390015,1972.829956
"350","2014-07-10",632.900024,1964.680054
"351","2014-07-11",635.900024,1967.569946
"352","2014-07-14",619.599976,1977.099976
"353","2014-07-15",614.799988,1973.280029
"354","2014-07-16",626.580017,1981.569946
"355","2014-07-17",627.469971,1958.119995
"356","2014-07-18",627.039978,1978.219971
"357","2014-07-21",622.530029,1973.630005
"358","2014-07-22",621.690002,1983.530029
"359","2014-07-23",601.869995,1987.01001
"360","2014-07-24",600.5,1987.97998
"361","2014-07-25",596,1978.339966
"362","2014-07-28",585.77002,1978.910034
"363","2014-07-29",564.640015,1969.949951
"364","2014-07-30",589.52002,1970.069946
"365","2014-07-31",598.780029,1930.670044
"366","2014-08-01",591.719971,1925.150024
"367","2014-08-04",588.76001,1938.98999
"368","2014-08-05",589.77002,1920.209961
"369","2014-08-06",592.799988,1920.23999
"370","2014-08-07",595.849976,1909.569946
"371","2014-08-08",589.52002,1931.589966
"372","2014-08-11",567.659973,1936.920044
"373","2014-08-12",542.099976,1933.75
"374","2014-08-13",504.799988,1946.719971
"375","2014-08-14",496.450012,1955.180054
"376","2014-08-15",522.01001,1955.060059
"377","2014-08-18",485.119995,1971.73999
"378","2014-08-19",516.780029,1981.599976
"379","2014-08-20",517.940002,1986.51001
"380","2014-08-21",516.099976,1992.369995
"381","2014-08-22",497.679993,1988.400024
"382","2014-08-25",512.559998,1997.920044
"383","2014-08-26",515.22998,2000.02002
"384","2014-08-27",510.75,2000.119995
"385","2014-08-28",512.559998,1996.73999
"386","2014-08-29",505.959991,2003.369995
"387","2014-09-02",480.040009,2002.280029
"388","2014-09-03",490.98999,2000.719971
"389","2014-09-04",483.649994,1997.650024
"390","2014-09-05",484.470001,2007.709961
"391","2014-09-08",474.899994,2001.540039
"392","2014-09-09",479.700012,1988.439941
"393","2014-09-10",478.48999,1995.689941
"394","2014-09-11",477.730011,1997.449951
"395","2014-09-12",478.170013,1985.540039
"396","2014-09-15",466.75,1984.130005
"397","2014-09-16",461.089996,1998.97998
"398","2014-09-17",424.26001,2001.569946
"399","2014-09-18",397.670013,2011.359985
"400","2014-09-19",411.529999,2010.400024
"401","2014-09-22",436.859985,1994.290039
"402","2014-09-23",423.769989,1982.77002
"403","2014-09-24",412.290009,1998.300049
"404","2014-09-25",404.459991,1965.98999
"405","2014-09-26",399.019989,1982.849976
"406","2014-09-29",388.170013,1977.800049
"407","2014-09-30",382.839996,1972.290039
"408","2014-10-01",375.140015,1946.160034
"409","2014-10-02",363.450012,1946.170044
"410","2014-10-03",335.320007,1967.900024
"411","2014-10-06",331.649994,1964.819946
"412","2014-10-07",350.869995,1935.099976
"413","2014-10-08",360.910004,1968.890015
"414","2014-10-09",361.709991,1928.209961
"415","2014-10-10",361.220001,1906.130005
"416","2014-10-13",397.100006,1874.73999
"417","2014-10-14",393.170013,1877.699951
"418","2014-10-15",379.769989,1862.48999
"419","2014-10-16",380.480011,1862.76001
"420","2014-10-17",390.880005,1886.76001
"421","2014-10-20",382.350006,1904.01001
"422","2014-10-21",378.929993,1941.280029
"423","2014-10-22",355.779999,1927.109985
"424","2014-10-23",355.100006,1950.819946
"425","2014-10-24",346.720001,1964.579956
"426","2014-10-27",350.089996,1961.630005
"427","2014-10-28",351.059998,1985.050049
"428","2014-10-29",335.119995,1982.300049
"429","2014-10-30",344.859985,1994.650024
"430","2014-10-31",337.869995,2018.050049
"431","2014-11-03",324.23999,2017.810059
"432","2014-11-04",327.959991,2012.099976
"433","2014-11-05",338.01001,2023.569946
"434","2014-11-06",347.670013,2031.209961
"435","2014-11-07",341.869995,2031.920044
"436","2014-11-10",367.149994,2038.26001
"437","2014-11-11",365.420013,2039.680054
"438","2014-11-12",432.029999,2038.25
"439","2014-11-13",428.720001,2039.329956
"440","2014-11-14",396.529999,2039.819946
"441","2014-11-17",384.690002,2041.319946
"442","2014-11-18",379.160004,2051.800049
"443","2014-11-19",381.429993,2048.719971
"444","2014-11-20",357.299988,2052.75
"445","2014-11-21",351.769989,2063.5
"446","2014-11-24",378.850006,2069.409912
"447","2014-11-25",376.429993,2067.030029
"448","2014-11-26",365.350006,2072.830078
"449","2014-11-28",377.589996,2067.560059
"450","2014-12-01",378.609985,2053.439941
"451","2014-12-02",380.640015,2066.550049
"452","2014-12-03",376.959991,2074.330078
"453","2014-12-04",369.839996,2071.919922
"454","2014-12-05",377.630005,2075.370117
"455","2014-12-08",364.950012,2060.310059
"456","2014-12-09",352.190002,2059.820068
"457","2014-12-10",347.940002,2026.140015
"458","2014-12-11",347.679993,2035.329956
"459","2014-12-12",353.399994,2002.329956
"460","2014-12-15",345.369995,1989.630005
"461","2014-12-16",330.220001,1972.73999
"462","2014-12-17",320.019989,2012.890015
"463","2014-12-18",310.339996,2061.22998
"464","2014-12-19",317.779999,2070.649902
"465","2014-12-22",330.839996,2078.540039
"466","2014-12-23",335.25,2082.169922
"467","2014-12-24",322.399994,2081.879883
"468","2014-12-26",329.980011,2088.77002
"469","2014-12-29",314.119995,2090.570068
"470","2014-12-30",311.269989,2080.350098
"471","2014-12-31",318.23999,2058.899902
"472","2015-01-02",315.209991,2058.199951
"473","2015-01-05",274.839996,2020.579956
"474","2015-01-06",282.269989,2002.609985
"475","2015-01-07",291.339996,2025.900024
"476","2015-01-08",282.690002,2062.139893
"477","2015-01-09",287.970001,2044.810059
"478","2015-01-12",269.329987,2028.26001
"479","2015-01-13",221.289993,2023.030029
"480","2015-01-14",164.919998,2011.27002
"481","2015-01-15",209.779999,1992.670044
"482","2015-01-16",206.919998,2019.420044
"483","2015-01-20",210.550003,2022.550049
"484","2015-01-21",228.169998,2032.119995
"485","2015-01-22",232.699997,2063.149902
"486","2015-01-23",232.169998,2051.820068
"487","2015-01-26",269.179993,2057.090088
"488","2015-01-27",263.269989,2029.550049
"489","2015-01-28",236.169998,2002.160034
"490","2015-01-29",233.990005,2021.25
"491","2015-01-30",231.839996,1994.98999
"492","2015-02-02",238.860001,2020.849976
"493","2015-02-03",227.410004,2050.030029
"494","2015-02-04",226.580002,2041.51001
"495","2015-02-05",216.520004,2062.52002
"496","2015-02-06",222.960007,2055.469971
"497","2015-02-09",220.339996,2046.73999
"498","2015-02-10",219.669998,2068.590088
"499","2015-02-11",218.830002,2068.530029
"500","2015-02-12",221.789993,2088.47998
"501","2015-02-13",236.169998,2096.98999
"502","2015-02-17",243.199997,2100.340088
"503","2015-02-18",235.199997,2099.679932
"504","2015-02-19",241.919998,2097.449951
"505","2015-02-20",244.520004,2110.300049
"506","2015-02-23",238.820007,2109.659912
"507","2015-02-24",238.889999,2115.47998
"508","2015-02-25",237.330002,2113.860107
"509","2015-02-26",236.529999,2110.73999
"510","2015-02-27",253.470001,2104.5
"511","2015-03-02",273.75,2117.389893
"512","2015-03-03",280.649994,2107.780029
"513","2015-03-04",271.920013,2098.530029
"514","2015-03-05",275.230011,2101.040039
"515","2015-03-06",272.559998,2071.26001
"516","2015-03-09",290.019989,2079.429932
"517","2015-03-10",291.369995,2044.160034
"518","2015-03-11",295.600006,2040.23999
"519","2015-03-12",293.850006,2065.949951
"520","2015-03-13",287.209991,2053.399902
"521","2015-03-16",290.410004,2081.189941
"522","2015-03-17",285.380005,2074.280029
"523","2015-03-18",255.919998,2099.5
"524","2015-03-19",260.929993,2089.27002
"525","2015-03-20",261.779999,2108.100098
"526","2015-03-23",265.459991,2104.419922
"527","2015-03-24",246.720001,2091.5
"528","2015-03-25",246.369995,2061.050049
"529","2015-03-26",248.020004,2056.149902
"530","2015-03-27",247.210007,2061.02002
"531","2015-03-30",244.149994,2086.23999
"532","2015-03-31",246.240005,2067.889893
"533","2015-04-01",252.600006,2059.689941
"534","2015-04-02",254.479996,2066.959961
"535","2015-04-06",252.970001,2080.620117
"536","2015-04-07",244.570007,2076.330078
"537","2015-04-08",243.320007,2081.899902
"538","2015-04-09",234.729996,2091.179932
"539","2015-04-10",236.479996,2102.060059
"540","2015-04-13",217.990005,2092.429932
"541","2015-04-14",222.970001,2095.840088
"542","2015-04-15",227.979996,2106.629883
"543","2015-04-16",222.589996,2104.98999
"544","2015-04-17",223.350006,2081.179932
"545","2015-04-20",233.729996,2100.399902
"546","2015-04-21",233.779999,2097.290039
"547","2015-04-22",235.399994,2107.959961
"548","2015-04-23",231.089996,2112.929932
"549","2015-04-24",226.139999,2117.689941
"550","2015-04-27",225.809998,2108.919922
"551","2015-04-28",225.419998,2114.76001
"552","2015-04-29",235.770004,2106.850098
"553","2015-04-30",233.210007,2085.51001
"554","2015-05-01",235.339996,2108.290039
"555","2015-05-04",235.820007,2114.48999
"556","2015-05-05",230.029999,2089.459961
"557","2015-05-06",237.729996,2080.149902
"558","2015-05-07",243.740005,2088
"559","2015-05-08",241.399994,2116.100098
"560","2015-05-11",241.580002,2105.330078
"561","2015-05-12",236.380005,2099.120117
"562","2015-05-13",236.899994,2098.47998
"563","2015-05-14",237.199997,2121.100098
"564","2015-05-15",236.229996,2122.72998
"565","2015-05-18",232.020004,2129.199951
"566","2015-05-19",233.960007,2127.830078
"567","2015-05-20",235.380005,2125.850098
"568","2015-05-21",240.369995,2130.820068
"569","2015-05-22",238.940002,2126.060059
"570","2015-05-26",237.289993,2104.199951
"571","2015-05-27",237.320007,2123.47998
"572","2015-05-28",237.029999,2120.790039
"573","2015-05-29",233.220001,2107.389893
"574","2015-06-01",225.740005,2111.72998
"575","2015-06-02",225.589996,2109.600098
"576","2015-06-03",224.220001,2114.070068
"577","2015-06-04",225.289993,2095.840088
"578","2015-06-05",224.740005,2092.830078
"579","2015-06-08",229.559998,2079.280029
"580","2015-06-09",228.789993,2080.149902
"581","2015-06-10",229.880005,2105.199951
"582","2015-06-11",230.460007,2108.860107
"583","2015-06-12",232.479996,2094.110107
"584","2015-06-15",249.820007,2084.429932
"585","2015-06-16",247.380005,2096.290039
"586","2015-06-17",248.440002,2100.439941
"587","2015-06-18",244.130005,2121.23999
"588","2015-06-19",244.979996,2109.98999
"589","2015-06-22",243.759995,2122.850098
"590","2015-06-23",240.559998,2124.199951
"591","2015-06-24",242.559998,2108.580078
"592","2015-06-25",242.949997,2102.310059
"593","2015-06-26",250.729996,2101.48999
"594","2015-06-29",264.119995,2057.639893
"595","2015-06-30",257.619995,2063.110107
"596","2015-07-01",254.880005,2077.419922
"597","2015-07-02",255.399994,2076.780029
"598","2015-07-06",266.209991,2068.76001
"599","2015-07-07",268.640015,2081.340088
"600","2015-07-08",269.140015,2046.680054
"601","2015-07-09",283.619995,2051.310059
"602","2015-07-10",291.970001,2076.620117
"603","2015-07-13",286.959991,2099.600098
"604","2015-07-14",283.420013,2108.949951
"605","2015-07-15",276.589996,2107.399902
"606","2015-07-16",279.619995,2124.290039
"607","2015-07-17",274.049988,2126.639893
"608","2015-07-20",275.089996,2128.280029
"609","2015-07-21",276.459991,2119.209961
"610","2015-07-22",275.519989,2114.149902
"611","2015-07-23",288.369995,2102.149902
"612","2015-07-24",288.73999,2079.649902
"613","2015-07-27",293.700012,2067.639893
"614","2015-07-28",288.369995,2093.25
"615","2015-07-29",287.019989,2108.570068
"616","2015-07-30",283.730011,2108.629883
"617","2015-07-31",280.470001,2103.840088
"618","2015-08-03",284.299988,2098.040039
"619","2015-08-04",281.720001,2093.320068
"620","2015-08-05",278,2099.840088
"621","2015-08-06",277.890015,2083.560059
"622","2015-08-07",258.600006,2077.570068
"623","2015-08-10",269.029999,2104.179932
"624","2015-08-11",267.660004,2084.070068
"625","2015-08-12",263.440002,2086.050049
"626","2015-08-13",265.029999,2083.389893
"627","2015-08-14",260.519989,2091.540039
"628","2015-08-17",246.720001,2102.439941
"629","2015-08-18",226,2096.919922
"630","2015-08-19",234.660004,2079.610107
"631","2015-08-20",232.399994,2035.72998
"632","2015-08-21",229.539993,1970.890015
"633","2015-08-24",220.509995,1893.209961
"634","2015-08-25",224.970001,1867.609985
"635","2015-08-26",222.729996,1940.51001
"636","2015-08-27",231.639999,1987.660034
"637","2015-08-28",228.5,1988.869995
"638","2015-08-31",227.179993,1972.180054
"639","2015-09-01",228.630005,1913.849976
"640","2015-09-02",226.199997,1948.859985
"641","2015-09-03",230.25,1951.130005
"642","2015-09-04",233.669998,1921.219971
"643","2015-09-08",237.410004,1969.410034
"644","2015-09-09",238.080002,1942.040039
"645","2015-09-10",239.899994,1952.290039
"646","2015-09-11",235.600006,1961.050049
"647","2015-09-14",229.529999,1953.030029
"648","2015-09-15",228.600006,1978.089966
"649","2015-09-16",232.720001,1995.310059
"650","2015-09-17",232.210007,1990.199951
"651","2015-09-18",231.110001,1958.030029
"652","2015-09-21",230.009995,1966.969971
"653","2015-09-22",229.889999,1942.73999
"654","2015-09-23",233.759995,1938.76001
"655","2015-09-24",235.029999,1932.23999
"656","2015-09-25",234.300003,1931.339966
"657","2015-09-28",236.710007,1881.77002
"658","2015-09-29",235.929993,1884.089966
"659","2015-09-30",237.050003,1920.030029
"660","2015-10-01",236.710007,1923.819946
"661","2015-10-02",238.580002,1951.359985
"662","2015-10-05",246.139999,1987.050049
"663","2015-10-06",242.979996,1979.920044
"664","2015-10-07",242.580002,1995.829956
"665","2015-10-08",244.039993,2013.430054
"666","2015-10-09",245.350006,2014.890015
"667","2015-10-12",248.779999,2017.459961
"668","2015-10-13",252.330002,2003.689941
"669","2015-10-14",254.440002,1994.23999
"670","2015-10-15",262.869995,2023.859985
"671","2015-10-16",269.579987,2033.109985
"672","2015-10-19",269.75,2033.660034
"673","2015-10-20",267.109985,2030.77002
"674","2015-10-21",274.420013,2018.939941
"675","2015-10-22",276.920013,2052.51001
"676","2015-10-23",282.559998,2075.149902
"677","2015-10-26",285.149994,2071.179932
"678","2015-10-27",294.660004,2065.889893
"679","2015-10-28",303.540009,2090.350098
"680","2015-10-29",313.630005,2089.409912
"681","2015-10-30",327.119995,2079.360107
"682","2015-11-02",359.279999,2104.050049
"683","2015-11-03",396.48999,2109.790039
"684","2015-11-04",400.890015,2102.310059
"685","2015-11-05",382.700012,2099.929932
"686","2015-11-06",369.809998,2099.199951
"687","2015-11-09",380.220001,2078.580078
"688","2015-11-10",336.690002,2081.719971
"689","2015-11-11",304.709991,2075
"690","2015-11-12",333.850006,2045.969971
"691","2015-11-13",333.769989,2023.040039
"692","2015-11-16",330.209991,2053.189941
"693","2015-11-17",333.910004,2050.439941
"694","2015-11-18",335.920013,2083.580078
"695","2015-11-19",324.980011,2081.23999
"696","2015-11-20",321.119995,2089.169922
"697","2015-11-23",322.119995,2086.590088
"698","2015-11-24",318.350006,2089.139893
"699","2015-11-25",327.519989,2088.870117
"700","2015-11-27",359.519989,2090.110107
"701","2015-11-30",377.970001,2080.409912
"702","2015-12-01",361.799988,2102.629883
"703","2015-12-02",359.980011,2079.51001
"704","2015-12-03",360.309998,2049.620117
"705","2015-12-04",361.670013,2091.689941
"706","2015-12-07",394.279999,2077.070068
"707","2015-12-08",410.670013,2063.590088
"708","2015-12-09",416,2047.619995
"709","2015-12-10",415.48999,2052.22998
"710","2015-12-11",449.829987,2012.369995
"711","2015-12-14",442,2021.939941
"712","2015-12-15",462.649994,2043.410034
"713","2015-12-16",453.980011,2073.070068
"714","2015-12-17",455.529999,2041.890015
"715","2015-12-18",463.179993,2005.550049
"716","2015-12-21",437.589996,2021.150024
"717","2015-12-22",437.029999,2038.969971
"718","2015-12-23",442.429993,2064.290039
"719","2015-12-24",452.980011,2060.98999
"720","2015-12-28",421.76001,2056.5
"721","2015-12-29",431.920013,2078.360107
"722","2015-12-30",427.149994,2063.360107
"723","2015-12-31",429.950012,2043.939941
"724","2016-01-04",433.320007,2012.660034
"725","2016-01-05",431.200012,2016.709961
"726","2016-01-06",430.820007,1990.26001
"727","2016-01-07",457.049988,1943.089966
"728","2016-01-08",452.869995,1922.030029
"729","2016-01-11",447.720001,1923.670044
"730","2016-01-12",445.040009,1938.680054
"731","2016-01-13",432.179993,1890.280029
"732","2016-01-14",429.130005,1921.839966
"733","2016-01-15",372.26001,1880.329956
"734","2016-01-19",379.459991,1881.329956
"735","2016-01-20",414.579987,1859.329956
"736","2016-01-21",410.23999,1868.98999
"737","2016-01-22",382.649994,1906.900024
"738","2016-01-25",392.76001,1877.079956
"739","2016-01-26",389.779999,1903.630005
"740","2016-01-27",395.019989,1882.949951
"741","2016-01-28",379.690002,1893.359985
"742","2016-01-29",380.290009,1940.23999
"743","2016-02-01",372.179993,1939.380005
"744","2016-02-02",373.920013,1903.030029
"745","2016-02-03",368.019989,1912.530029
"746","2016-02-04",390.649994,1915.449951
"747","2016-02-05",386.459991,1880.050049
"748","2016-02-08",372.630005,1853.439941
"749","2016-02-09",375.320007,1852.209961
"750","2016-02-10",381.880005,1851.859985
"751","2016-02-11",379.450012,1829.079956
"752","2016-02-12",384.040009,1864.780029
"753","2016-02-16",406.420013,1895.579956
"754","2016-02-17",417.140015,1926.819946
"755","2016-02-18",421.399994,1917.829956
"756","2016-02-19",419.980011,1917.780029
"757","2016-02-22",437.790009,1945.5
"758","2016-02-23",419.899994,1921.27002
"759","2016-02-24",422.720001,1929.800049
"760","2016-02-25",423.480011,1951.699951
"761","2016-02-26",427.320007,1948.050049
"762","2016-02-29",436.209991,1932.22998
"763","2016-03-01",434.040009,1978.349976
"764","2016-03-02",425.359985,1986.449951
"765","2016-03-03",419.559998,1993.400024
"766","2016-03-04",409.480011,1999.98999
"767","2016-03-07",414.869995,2001.76001
"768","2016-03-08",411.899994,1979.26001
"769","2016-03-09",412.76001,1989.26001
"770","2016-03-10",415.829987,1989.569946
"771","2016-03-11",419.109985,2022.189941
"772","2016-03-14",414.309998,2019.640015
"773","2016-03-15",415.130005,2015.930054
"774","2016-03-16",415.910004,2027.219971
"775","2016-03-17",418.160004,2040.589966
"776","2016-03-18",408.160004,2049.580078
"777","2016-03-21",411.109985,2051.600098
"778","2016-03-22",416.209991,2049.800049
"779","2016-03-23",416.980011,2036.709961
"780","2016-03-24",414.73999,2035.939941
"781","2016-03-28",415,2037.050049
"782","2016-03-29",412.440002,2055.01001
"783","2016-03-30",415.660004,2063.949951
"784","2016-03-31",415.640015,2059.73999
"785","2016-04-01",418.51001,2072.780029
"786","2016-04-04",422.070007,2066.129883
"787","2016-04-05",421.26001,2045.170044
"788","2016-04-06",420.140015,2066.659912
"789","2016-04-07",417.690002,2041.910034
"790","2016-04-08",418.049988,2047.599976
"791","2016-04-11",424.73999,2041.98999
"792","2016-04-12",423.470001,2061.719971
"793","2016-04-13",424.019989,2082.419922
"794","2016-04-14",428.670013,2082.780029
"795","2016-04-15",430.049988,2080.72998
"796","2016-04-18",434.920013,2094.340088
"797","2016-04-19",441.160004,2100.800049
"798","2016-04-20",449.339996,2102.399902
"799","2016-04-21",445.279999,2091.47998
"800","2016-04-22",450.079987,2091.580078
"801","2016-04-25",466,2087.790039
"802","2016-04-26",447.01001,2091.699951
"803","2016-04-27",448.480011,2095.149902
"804","2016-04-28",454.980011,2075.810059
"805","2016-04-29",448.529999,2065.300049
"806","2016-05-02",450.269989,2081.429932
"807","2016-05-03",445.799988,2063.370117
"808","2016-05-04",448.079987,2051.120117
"809","2016-05-05",459.559998,2050.629883
"810","2016-05-06",458.459991,2057.139893
"811","2016-05-09",449.359985,2058.689941
"812","2016-05-10",452.5,2084.389893
"813","2016-05-11",454.429993,2064.459961
"814","2016-05-12",455.410004,2064.110107
"815","2016-05-13",456.440002,2046.609985
"816","2016-05-16",453.25,2066.659912
"817","2016-05-17",454.220001,2047.209961
"818","2016-05-18",442.660004,2047.630005
"819","2016-05-19",442.109985,2040.040039
"820","2016-05-20",443.640015,2052.320068
"821","2016-05-23",446.109985,2048.040039
"822","2016-05-24",449.779999,2076.060059
"823","2016-05-25",453.299988,2090.540039
"824","2016-05-26",474.049988,2090.100098
"825","2016-05-27",524.219971,2099.060059
"826","2016-05-31",537.400024,2096.949951
"827","2016-06-01",537.099976,2099.330078
"828","2016-06-02",567.030029,2105.26001
"829","2016-06-03",571.950012,2099.129883
"830","2016-06-06",575.580017,2109.409912
"831","2016-06-07",580.51001,2112.129883
"832","2016-06-08",574.690002,2119.120117
"833","2016-06-09",577.890015,2115.47998
"834","2016-06-10",591.599976,2096.070068
"835","2016-06-13",685.140015,2079.060059
"836","2016-06-14",690.77002,2075.320068
"837","2016-06-15",761.210022,2071.5
"838","2016-06-16",743.900024,2077.98999
"839","2016-06-17",753.77002,2071.219971
"840","2016-06-20",667.380005,2083.25
"841","2016-06-21",590.559998,2088.899902
"842","2016-06-22",620.840027,2085.449951
"843","2016-06-23",656.890015,2113.320068
"844","2016-06-24",663.52002,2037.410034
"845","2016-06-27",644.890015,2000.540039
"846","2016-06-28",636.539978,2036.089966
"847","2016-06-29",670.02002,2070.77002
"848","2016-06-30",674.570007,2098.860107
"849","2016-07-01",698.059998,2102.949951
"850","2016-07-05",672.700012,2088.550049
"851","2016-07-06",635.25,2099.72998
"852","2016-07-07",662.780029,2097.899902
"853","2016-07-08",651.830017,2129.899902
"854","2016-07-11",670.559998,2137.159912
"855","2016-07-12",661.150024,2152.139893
"856","2016-07-13",657.25,2152.429932
"857","2016-07-14",664.200012,2163.75
"858","2016-07-15",660.690002,2161.73999
"859","2016-07-18",671.099976,2166.889893
"860","2016-07-19",664.400024,2163.780029
"861","2016-07-20",664.619995,2173.02002
"862","2016-07-21",651.109985,2165.169922
"863","2016-07-22",655.159973,2175.030029
"864","2016-07-25",654.380005,2168.47998
"865","2016-07-26",654.539978,2169.179932
"866","2016-07-27",654.130005,2166.580078
"867","2016-07-28",655.429993,2170.060059
"868","2016-07-29",654.73999,2173.600098
"869","2016-08-01",513.429993,2170.840088
"870","2016-08-02",566.440002,2157.030029
"871","2016-08-03",576.219971,2163.790039
"872","2016-08-04",574.659973,2164.25
"873","2016-08-05",586.450012,2182.870117
"874","2016-08-08",585.25,2180.889893
"875","2016-08-09",590.940002,2181.73999
"876","2016-08-10",587.840027,2175.48999
"877","2016-08-11",587.140015,2185.790039
"878","2016-08-12",584.590027,2184.050049
"879","2016-08-15",580.190002,2190.149902
"880","2016-08-16",572.340027,2178.149902
"881","2016-08-17",573.390015,2182.219971
"882","2016-08-18",574.559998,2187.02002
"883","2016-08-19",582.609985,2183.870117
"884","2016-08-22",583.559998,2182.639893
"885","2016-08-23",579.659973,2186.899902
"886","2016-08-24",577.960022,2175.439941
"887","2016-08-25",579.369995,2172.469971
"888","2016-08-26",570.349976,2169.040039
"889","2016-08-29",577.320007,2180.379883
"890","2016-08-30",573.880005,2176.120117
"891","2016-08-31",571.98999,2170.949951
"892","2016-09-01",575.289978,2170.860107
"893","2016-09-02",598.840027,2179.97998
"894","2016-09-06",613.210022,2186.47998
"895","2016-09-07",625.570007,2186.159912
"896","2016-09-08",623.159973,2181.300049
"897","2016-09-09",624.52002,2127.810059
"898","2016-09-12",608.609985,2159.040039
"899","2016-09-13",609.539978,2127.02002
"900","2016-09-14",608.109985,2125.77002
"901","2016-09-15",607.780029,2147.26001
"902","2016-09-16",607.080017,2139.159912
"903","2016-09-19",609.23999,2139.120117
"904","2016-09-20",597.159973,2139.76001
"905","2016-09-21",595.630005,2163.120117
"906","2016-09-22",602.919983,2177.179932
"907","2016-09-23",602.590027,2164.689941
"908","2016-09-26",605.469971,2146.100098
"909","2016-09-27",604.669983,2159.929932
"910","2016-09-28",604.700012,2171.370117
"911","2016-09-29",608.140015,2151.129883
"912","2016-09-30",613.409973,2168.27002
"913","2016-10-03",608.960022,2161.199951
"914","2016-10-04",611.820007,2150.48999
"915","2016-10-05",610.969971,2159.72998
"916","2016-10-06",616.030029,2160.77002
"917","2016-10-07",617.650024,2153.73999
"918","2016-10-10",640.450012,2163.659912
"919","2016-10-11",635.98999,2136.72998
"920","2016-10-12",635.599976,2139.179932
"921","2016-10-13",637.919983,2132.550049
"922","2016-10-14",637.030029,2132.97998
"923","2016-10-17",635.340027,2126.5
"924","2016-10-18",629.059998,2139.600098
"925","2016-10-19",628.340027,2144.290039
"926","2016-10-20",630.450012,2141.340088
"927","2016-10-21",655.47998,2141.159912
"928","2016-10-24",651,2151.330078
"929","2016-10-25",674.669983,2143.159912
"930","2016-10-26",682.299988,2139.429932
"931","2016-10-27",686.23999,2133.040039
"932","2016-10-28",714.950012,2126.409912
"933","2016-10-31",698.669983,2126.149902
"934","2016-11-01",726.76001,2111.719971
"935","2016-11-02",733.51001,2097.939941
"936","2016-11-03",684.869995,2088.659912
"937","2016-11-04",702.080017,2085.179932
"938","2016-11-07",705.400024,2131.52002
"939","2016-11-08",710.900024,2139.560059
"940","2016-11-09",721.419983,2163.26001
"941","2016-11-10",714.570007,2167.47998
"942","2016-11-11",714.969971,2164.449951
"943","2016-11-14",704.559998,2164.199951
"944","2016-11-15",711.099976,2180.389893
"945","2016-11-16",740.280029,2176.939941
"946","2016-11-17",737.530029,2187.120117
"947","2016-11-18",746.960022,2181.899902
"948","2016-11-21",736.190002,2198.179932
"949","2016-11-22",749.340027,2202.939941
"950","2016-11-23",741.070007,2204.719971
"951","2016-11-25",740.390015,2213.350098
"952","2016-11-28",733.299988,2201.719971
"953","2016-11-29",732.559998,2204.659912
"954","2016-11-30",742.48999,2198.810059
"955","2016-12-01",752.630005,2191.080078
"956","2016-12-02",770.940002,2191.949951
"957","2016-12-05",754.340027,2204.709961
"958","2016-12-06",758.210022,2212.22998
"959","2016-12-07",765.559998,2241.350098
"960","2016-12-08",768.48999,2246.189941
"961","2016-12-09",770.47998,2259.530029
"962","2016-12-12",778.469971,2256.959961
"963","2016-12-13",778.73999,2271.719971
"964","2016-12-14",776.5,2253.280029
"965","2016-12-15",775.210022,2262.030029
"966","2016-12-16",782.049988,2258.070068
"967","2016-12-19",789.789978,2262.530029
"968","2016-12-20",799.099976,2270.76001
"969","2016-12-21",829.210022,2265.179932
"970","2016-12-22",860.150024,2260.959961
"971","2016-12-23",917.169983,2263.790039
"972","2016-12-27",925.780029,2268.879883
"973","2016-12-28",972.169983,2249.919922
"974","2016-12-29",971.080017,2249.26001
"975","2016-12-30",959.039978,2238.830078
"976","2017-01-03",1033.300049,2257.830078
"977","2017-01-04",1135.410034,2270.75
"978","2017-01-05",989.349976,2269
"979","2017-01-06",886.159973,2276.97998
"980","2017-01-09",899.780029,2268.899902
"981","2017-01-10",904.369995,2268.899902
"982","2017-01-11",785.429993,2275.320068
"983","2017-01-12",810.109985,2270.439941
"984","2017-01-13",824.830017,2274.639893
"985","2017-01-17",899.659973,2267.889893
"986","2017-01-18",872.030029,2271.889893
"987","2017-01-19",895.210022,2263.689941
"988","2017-01-20",892.909973,2271.310059
"989","2017-01-23",921.460022,2265.199951
"990","2017-01-24",893.75,2280.070068
"991","2017-01-25",894.409973,2298.370117
"992","2017-01-26",915.559998,2296.679932
"993","2017-01-27",918.01001,2294.689941
"994","2017-01-30",920.72998,2280.899902
"995","2017-01-31",965.48999,2278.870117
"996","2017-02-01",982.429993,2279.550049
"997","2017-02-02",1003.969971,2280.850098
"998","2017-02-03",1013.02002,2297.419922
"999","2017-02-06",1024.670044,2292.560059
"1000","2017-02-07",1049.560059,2293.080078
"1001","2017-02-08",1055.48999,2294.669922
"1002","2017-02-09",978.960022,2307.870117
"1003","2017-02-10",997.609985,2316.100098
"1004","2017-02-13",995.359985,2328.25
"1005","2017-02-14",1008.340027,2337.580078
"1006","2017-02-15",1008.190002,2349.25
"1007","2017-02-16",1031.930054,2347.219971
"1008","2017-02-17",1049.410034,2351.159912
"1009","2017-02-21",1119.030029,2365.379883
"1010","2017-02-22",1120.459961,2362.820068
"1011","2017-02-23",1171.910034,2363.810059
"1012","2017-02-24",1176.48999,2367.340088
"1013","2017-02-27",1188.829956,2369.75
"1014","2017-02-28",1189.27002,2363.639893
"1015","2017-03-01",1222.660034,2395.959961
"1016","2017-03-02",1255.469971,2381.919922
"1017","2017-03-03",1283.300049,2383.120117
"1018","2017-03-06",1277.01001,2375.310059
"1019","2017-03-07",1232.689941,2368.389893
"1020","2017-03-08",1146.969971,2362.97998
"1021","2017-03-09",1191.329956,2364.870117
"1022","2017-03-10",1112.390015,2372.600098
"1023","2017-03-13",1238.189941,2373.469971
"1024","2017-03-14",1243.140015,2365.449951
"1025","2017-03-15",1253.430054,2385.26001
"1026","2017-03-16",1172.880005,2381.379883
"1027","2017-03-17",1071.709961,2378.25
"1028","2017-03-20",1047.51001,2373.469971
"1029","2017-03-21",1121.290039,2344.02002
"1030","2017-03-22",1044.719971,2348.449951
"1031","2017-03-23",1035.030029,2345.959961
"1032","2017-03-24",939.700012,2343.97998
"1033","2017-03-27",1044.420044,2341.590088
"1034","2017-03-28",1041.900024,2358.570068
"1035","2017-03-29",1037.910034,2361.129883
"1036","2017-03-30",1079.109985,2368.060059
"1037","2017-03-31",1086.119995,2362.719971
"1038","2017-04-03",1141.77002,2358.840088
"1039","2017-04-04",1129.869995,2360.159912
"1040","2017-04-05",1188.699951,2352.949951
"1041","2017-04-06",1190.48999,2357.48999
"1042","2017-04-07",1180.780029,2355.540039
"1043","2017-04-10",1220.73999,2357.159912
"1044","2017-04-11",1212.530029,2353.780029
"1045","2017-04-12",1176.199951,2344.929932
"1046","2017-04-13",1177.329956,2328.949951
"1047","2017-04-17",1206.089966,2349.01001
"1048","2017-04-18",1215.199951,2342.189941
"1049","2017-04-19",1238.089966,2338.169922
"1050","2017-04-20",1249.640015,2355.840088
"1051","2017-04-21",1240.890015,2348.689941
"1052","2017-04-24",1264.310059,2374.149902
"1053","2017-04-25",1286.630005,2388.610107
"1054","2017-04-26",1332.910034,2387.449951
"1055","2017-04-27",1329.619995,2388.77002
"1056","2017-04-28",1336.280029,2384.199951
"1057","2017-05-01",1445.930054,2388.330078
"1058","2017-05-02",1485.550049,2391.169922
"1059","2017-05-03",1516.76001,2388.129883
"1060","2017-05-04",1507.77002,2389.52002
"1061","2017-05-05",1545.290039,2399.290039
"1062","2017-05-08",1697.5,2399.379883
"1063","2017-05-09",1752.310059,2396.919922
"1064","2017-05-10",1819.290039,2399.629883
"1065","2017-05-11",1686.390015,2394.439941
"1066","2017-05-12",1763.73999,2390.899902
"1067","2017-05-15",1729.339966,2402.320068
"1068","2017-05-16",1801.300049,2400.669922
"1069","2017-05-17",1880.98999,2357.030029
"1070","2017-05-18",1962,2365.719971
"1071","2017-05-19",2040.180054,2381.72998
"1072","2017-05-22",2272.580078,2394.02002
"1073","2017-05-23",2445.280029,2398.419922
"1074","2017-05-24",2307.219971,2404.389893
"1075","2017-05-25",2244.889893,2415.070068
"1076","2017-05-26",2052.429932,2415.820068
"1077","2017-05-30",2303.340088,2412.909912
"1078","2017-05-31",2412.649902,2411.800049
"1079","2017-06-01",2492.600098,2430.060059
"1080","2017-06-02",2545.429932,2439.070068
"1081","2017-06-05",2870.5,2436.100098
"1082","2017-06-06",2691.51001,2429.330078
"1083","2017-06-07",2798.780029,2433.139893
"1084","2017-06-08",2811.429932,2433.790039
"1085","2017-06-09",2900.25,2431.77002
"1086","2017-06-12",2712.98999,2429.389893
"1087","2017-06-13",2467.27002,2440.350098
"1088","2017-06-14",2442.459961,2437.919922
"1089","2017-06-15",2508.580078,2432.459961
"1090","2017-06-16",2655.100098,2433.149902
"1091","2017-06-19",2754.379883,2453.459961
"1092","2017-06-20",2677.620117,2437.030029
"1093","2017-06-21",2722.840088,2435.610107
"1094","2017-06-22",2710.370117,2434.5
"1095","2017-06-23",2590.050049,2438.300049
"1096","2017-06-26",2583.75,2439.070068
"1097","2017-06-27",2577.73999,2419.379883
"1098","2017-06-28",2558.370117,2440.689941
"1099","2017-06-29",2480.610107,2419.699951
"1100","2017-06-30",2424.610107,2423.409912
"1101","2017-07-03",2617.320068,2429.01001
"1102","2017-07-05",2614.23999,2432.540039
"1103","2017-07-06",2513.879883,2409.75
"1104","2017-07-07",2564.860107,2425.179932
"1105","2017-07-10",2324.290039,2427.429932
"1106","2017-07-11",2403.090088,2425.530029
"1107","2017-07-12",2362.439941,2443.25
"1108","2017-07-13",2234.169922,2447.830078
"1109","2017-07-14",1975.079956,2459.27002
"1110","2017-07-17",2320.22998,2459.139893
"1111","2017-07-18",2282.580078,2460.610107
"1112","2017-07-19",2866.02002,2473.830078
"1113","2017-07-20",2675.080078,2473.449951
"1114","2017-07-21",2836.530029,2472.540039
"1115","2017-07-24",2582.580078,2469.909912
"1116","2017-07-25",2559.209961,2477.129883
"1117","2017-07-26",2691.879883,2477.830078
"1118","2017-07-27",2806.75,2475.419922
"1119","2017-07-28",2733.5,2472.100098
"1120","2017-07-31",2746.98999,2470.300049
"1121","2017-08-01",2720.530029,2476.350098
"1122","2017-08-02",2809.98999,2477.570068
"1123","2017-08-03",2878.48999,2472.159912
"1124","2017-08-04",3262.800049,2476.830078
"1125","2017-08-07",3429.379883,2480.909912
"1126","2017-08-08",3348.790039,2474.919922
"1127","2017-08-09",3425.669922,2474.02002
"1128","2017-08-10",3654.370117,2438.209961
"1129","2017-08-11",3871.620117,2441.320068
"1130","2017-08-14",4161.660156,2465.840088
"1131","2017-08-15",4387.399902,2464.610107
"1132","2017-08-16",4278.919922,2468.110107
"1133","2017-08-17",4105.370117,2430.01001
"1134","2017-08-18",4150.450195,2425.550049
"1135","2017-08-21",4089.699951,2428.370117
"1136","2017-08-22",4141.089844,2452.51001
"1137","2017-08-23",4318.350098,2444.040039
"1138","2017-08-24",4364.410156,2438.969971
"1139","2017-08-25",4352.299805,2443.050049
"1140","2017-08-28",4597.310059,2444.23999
"1141","2017-08-29",4583.02002,2446.300049
"1142","2017-08-30",4735.109863,2457.590088
"1143","2017-08-31",4921.850098,2471.649902
"1144","2017-09-01",4573.799805,2476.550049
"1145","2017-09-05",4618.709961,2457.850098
"1146","2017-09-06",4635.600098,2465.540039
"1147","2017-09-07",4326.450195,2465.100098
"1148","2017-09-08",4335.129883,2461.429932
"1149","2017-09-11",4158.919922,2488.110107
"1150","2017-09-12",3870.290039,2496.47998
"1151","2017-09-13",3243.080078,2498.370117
"1152","2017-09-14",3713.76001,2495.620117
"1153","2017-09-15",3698.919922,2500.22998
"1154","2017-09-18",3907.959961,2503.870117
"1155","2017-09-19",3882.159912,2506.649902
"1156","2017-09-20",3617.27002,2508.23999
"1157","2017-09-21",3600.830078,2500.600098
"1158","2017-09-22",3788.02002,2502.219971
"1159","2017-09-25",3892.699951,2496.659912
"1160","2017-09-26",4212.200195,2496.840088
"1161","2017-09-27",4195.649902,2507.040039
"1162","2017-09-28",4172.790039,2510.060059
"1163","2017-09-29",4360.620117,2519.360107
"1164","2017-10-02",4314.180176,2529.120117
"1165","2017-10-03",4218.660156,2534.580078
"1166","2017-10-04",4321.439941,2537.73999
"1167","2017-10-05",4371.939941,2552.070068
"1168","2017-10-06",4435.810059,2549.330078
"1169","2017-10-09",4763.359863,2544.72998
"1170","2017-10-10",4824.200195,2550.639893
"1171","2017-10-11",5432.620117,2555.23999
"1172","2017-10-12",5637.259766,2550.929932
"1173","2017-10-13",5824.709961,2553.169922
"1174","2017-10-16",5598.580078,2557.639893
"1175","2017-10-17",5575.830078,2559.360107
"1176","2017-10-18",5698.649902,2561.26001
"1177","2017-10-19",5993.109863,2562.100098
"1178","2017-10-20",6006.649902,2575.209961
"1179","2017-10-23",5513.080078,2564.97998
"1180","2017-10-24",5734,2569.129883
"1181","2017-10-25",5887.609863,2557.149902
"1182","2017-10-26",5764.560059,2560.399902
"1183","2017-10-27",5726.609863,2581.070068
"1184","2017-10-30",6124.279785,2572.830078
"1185","2017-10-31",6451.240234,2575.26001
"1186","2017-11-01",6737.779785,2579.360107
"1187","2017-11-02",7024.810059,2579.850098
"1188","2017-11-03",7152.120117,2587.840088
"1189","2017-11-06",6959.22998,2591.129883
"1190","2017-11-07",7102.75,2590.639893
"1191","2017-11-08",7444.359863,2594.379883
"1192","2017-11-09",7129.589844,2584.620117
"1193","2017-11-10",6565.799805,2582.300049
"1194","2017-11-13",6522.450195,2584.840088
"1195","2017-11-14",6597.060059,2578.870117
"1196","2017-11-15",7283.220215,2564.620117
"1197","2017-11-16",7853.680176,2585.639893
"1198","2017-11-17",7699.950195,2578.850098
"1199","2017-11-20",8244.69043,2582.139893
"1200","2017-11-21",8099.970215,2599.030029
"1201","2017-11-22",8234.549805,2597.080078
"1202","2017-11-24",8200.799805,2602.419922
"1203","2017-11-27",9733.200195,2601.419922
"1204","2017-11-28",9906.040039,2627.040039
"1205","2017-11-29",9837.860352,2626.070068
"1206","2017-11-30",9946.759766,2647.580078
"1207","2017-12-01",10861.469727,2642.219971
"1208","2017-12-04",11623.910156,2639.439941
"1209","2017-12-05",11667.129883,2629.570068
"1210","2017-12-06",13749.570313,2629.27002
"1211","2017-12-07",16850.310547,2636.97998
"1212","2017-12-08",16047.610352,2651.5
"1213","2017-12-11",16732.470703,2659.98999
"1214","2017-12-12",17083.900391,2664.110107
"1215","2017-12-13",16286.820313,2662.850098
"1216","2017-12-14",16467.910156,2652.01001
"1217","2017-12-15",17604.849609,2675.810059
"1218","2017-12-18",18972.320313,2690.159912
"1219","2017-12-19",17523.699219,2681.469971
"1220","2017-12-20",16461.970703,2679.25
"1221","2017-12-21",15632.120117,2684.570068
"1222","2017-12-22",13664.969727,2683.340088
"1223","2017-12-26",15756.55957,2680.5
"1224","2017-12-27",15416.639648,2682.620117
"1225","2017-12-28",14398.700195,2687.540039
"1226","2017-12-29",14392.570313,2673.610107
"1227","2018-01-02",14754.129883,2695.810059
"1228","2018-01-03",15156.620117,2713.060059
"1229","2018-01-04",15180.080078,2723.98999
"1230","2018-01-05",16954.779297,2743.149902
"1231","2018-01-08",14976.169922,2747.709961
"1232","2018-01-09",14468.5,2751.290039
"1233","2018-01-10",14919.490234,2748.22998
"1234","2018-01-11",13308.05957,2767.560059
"1235","2018-01-12",13841.19043,2786.23999
"1236","2018-01-16",11282.490234,2776.419922
"1237","2018-01-17",11162.700195,2802.560059
"1238","2018-01-18",11175.519531,2798.030029
"1239","2018-01-19",11521.759766,2810.300049
"1240","2018-01-22",10814.519531,2832.969971
"1241","2018-01-23",10858.230469,2839.129883
"1242","2018-01-24",11429.019531,2837.540039
"1243","2018-01-25",11175.870117,2839.25
"1244","2018-01-26",11104.200195,2872.870117
"1245","2018-01-29",11233.950195,2853.530029
"1246","2018-01-30",10107.259766,2822.429932
"1247","2018-01-31",10226.860352,2823.810059
"1248","2018-02-01",9114.719727,2821.97998
"1249","2018-02-02",8870.820313,2762.129883
"1250","2018-02-05",6937.080078,2648.939941
"1251","2018-02-06",7701.25,2695.139893
"1252","2018-02-07",7592.720215,2681.659912
"1253","2018-02-08",8260.69043,2581
"1254","2018-02-09",8696.830078,2619.550049
"1255","2018-02-12",8911.269531,2656
"1256","2018-02-13",8544.69043,2662.939941
"1257","2018-02-14",9485.639648,2698.629883
"1258","2018-02-15",10033.75,2731.199951
"1259","2018-02-16",10188.730469,2732.219971
