Area;Total;0-4y;5-9y;10-14y;15-19y;20-24y;25-29y;30-34y;35-39y;40-44y;45-49y;50-54y;55-59y;60-64y;65-69y;70-74y;75-79y;80-84y;85-89y;90-y
WHOLE_COUNTRY;4811067;203360;254362;268927;258690;264062;294990;285223;297319;292306;270462;304130;330105;325590;326771;328704;214693;148621;90727;52025
Akaa;15968;624;959;1075;974;499;608;786;997;1135;1055;1149;1068;1110;1161;1142;682;463;299;182
Alajärvi;9119;418;548;636;574;324;324;344;390;477;431;528;678;792;763;723;447;348;219;155
Alavieska;2492;120;184;182;167;105;101;118;137;117;124;144;177;192;175;151;99;100;65;34
Alavus;11137;535;618;702;660;426;471;475;584;553;558;700;782;833;915;853;584;456;265;167
Asikkala;7849;245;357;441;387;212;204;296;392;444;431;521;593;616;766;795;495;340;215;99
Askola;4571;211;326;333;298;142;210;227;296;317;276;349;329;302;290;292;164;113;57;39
Aura;3831;209;259;263;222;119;192;224;257;279;247;253;234;259;265;227;139;103;49;31
Brändö;85;0;3;2;0;4;3;5;3;2;4;6;13;14;9;10;5;2;0;0
Eckerö;46;0;0;1;0;0;2;1;3;5;5;4;4;7;4;2;4;2;2;0
Enonkoski;1324;39;61;55;49;28;43;55;59;69;43;78;116;108;122;145;107;65;56;26
Enontekiö;1570;41;63;70;52;46;61;85;96;86;90;111;140;144;177;145;76;52;23;12
Espoo;217187;10845;13279;13935;12821;12613;14644;14367;14975;15890;14556;14880;14363;12048;10803;11306;7590;4511;2456;1305
Eura;11073;442;583;655;642;391;490;500;630;580;604;742;807;781;841;931;568;440;272;174
Eurajoki;9075;410;541;625;505;272;369;424;554;620;541;587;618;560;700;748;437;316;152;96
Evijärvi;2284;101;127;151;129;66;90;110;131;113;99;145;151;181;195;161;139;97;54;44
Finström;79;1;2;0;0;0;5;6;3;4;9;9;10;6;8;10;2;4;0;0
Forssa;15793;485;614;742;807;809;721;690;785;809;806;950;1125;1230;1313;1554;968;718;441;226
Föglö;14;0;0;0;0;0;0;0;0;1;2;3;1;5;0;1;0;1;0;0
Geta;26;1;0;1;1;0;0;0;3;1;3;2;2;4;3;3;1;1;0;0
Haapajärvi;6795;350;407;489;465;266;305;299;329;344;336;424;503;533;532;479;297;211;156;70
Haapavesi;6547;348;480;488;457;266;270;349;362;380;304;362;404;468;488;437;274;201;134;75
Hailuoto;936;30;44;46;28;15;20;32;37;48;47;58;73;90;96;105;82;52;24;9
Halsua;1058;36;49;53;50;45;41;30;44;47;62;65;70;88;98;96;64;60;39;21
Hamina;18545;574;812;947;959;665;732;761;954;1053;1042;1266;1453;1531;1451;1653;1115;786;496;295
Hammarland;59;3;5;3;0;0;2;3;4;6;4;6;3;6;3;6;1;3;0;1
Hankasalmi;4697;152;240;288;213;132;138;187;258;245;240;284;387;410;403;432;266;193;150;79
Hanko;4227;98;150;234;183;117;142;165;199;231;269;328;385;348;369;454;285;175;73;22
Harjavalta;6615;232;345;313;350;230;258;281;380;360;332;435;438;464;580;630;414;305;161;107
Hartola;2582;60;83;91;82;65;71;67;86;77;139;193;214;286;280;290;217;133;86;62
Hattula;9166;417;570;603;527;315;375;492;565;576;566;598;711;683;632;638;422;269;137;70
Hausjärvi;7879;301;521;525;445;222;251;324;525;554;491;636;653;608;620;494;312;180;136;81
Heinola;17726;482;647;773;880;580;667;583;762;832;923;1193;1472;1546;1726;1800;1268;815;497;280
Heinävesi;3107;60;106;134;133;49;84;80;100;147;155;191;282;341;333;331;225;184;107;65
Helsinki;510849;22284;23409;22090;21003;31347;47046;44635;39541;35350;28693;31240;33491;29878;27538;28558;19800;12503;7730;4713
Hirvensalmi;2090;70;79;76;60;68;59;75;79;77;94;151;180;236;237;220;127;94;72;36
Hollola;22533;934;1401;1481;1410;588;840;1041;1373;1385;1425;1611;1623;1592;1651;1702;1080;726;423;247
Huittinen;9523;382;460;499;479;396;416;462;500;489;474;590;727;745;777;800;508;431;253;135
Humppila;2135;81;106;122;115;79;59;71;129;121;128;133;168;190;217;161;112;63;56;24
Hyrynsalmi;2157;61;61;72;73;46;79;69;69;60;84;127;204;242;271;240;166;120;73;40
Hyvinkää;43120;1667;2131;2491;2429;2134;2466;2510;2663;2592;2626;2929;3141;2996;2968;2928;1890;1271;803;485
Hämeenkyrö;10140;468;639;610;610;273;392;513;648;630;621;729;772;723;727;692;455;316;192;130
Hämeenlinna;63965;2476;3156;3415;3415;3257;3496;3408;3570;3744;3516;4110;4484;4418;4656;4950;3332;2270;1395;897
Ii;9754;616;780;810;659;310;419;527;586;553;498;556;707;648;631;557;345;257;196;99
Iisalmi;20495;816;1083;1113;1125;948;949;1089;1185;1090;1020;1201;1437;1735;1762;1571;934;696;458;283
Iitti;6487;255;323;330;309;209;228;275;330;328;340;420;507;561;587;576;369;264;167;109
Ikaalinen;6716;226;348;352;320;224;270;276;326;361;338;466;492;503;596;637;428;289;154;110
Ilmajoki;12085;684;808;863;711;529;608;675;804;784;668;679;776;784;794;767;429;315;258;149
Ilomantsi;4581;91;139;154;165;87;114;136;171;179;173;281;382;577;559;520;329;243;176;105
Imatra;24322;755;998;1150;1209;891;1076;1072;1231;1315;1317;1556;1920;1897;2013;2139;1538;1178;669;398
Inari;6131;175;231;273;236;200;321;328;351;352;333;436;562;609;556;479;308;200;123;58
Ingå;2318;68;116;134;143;40;50;98;147;173;202;240;210;188;173;163;93;46;22;12
Isojoki;1838;51;67;78;102;61;73;69;72;62;99;122;162;177;168;180;111;80;57;47
Isokyrö;4395;157;267;291;269;137;158;185;226;217;256;300;320;349;344;338;220;180;119;62
Janakkala;15682;670;837;1011;874;504;639;825;875;983;1019;1176;1173;1109;1076;1145;748;567;281;170
Joensuu;72893;2853;3443;3395;3960;7026;5876;4746;4373;3745;3313;3737;4548;4848;4964;4675;3184;2132;1338;737
Jokioinen;4909;169;253;300;295;151;175;199;270;281;315;371;371;391;419;393;220;166;105;65
Jomala;253;19;16;12;9;5;14;10;14;27;19;24;17;24;17;22;2;1;0;1
Joroinen;4500;158;203;232;209;101;179;162;231;215;244;296;390;434;409;427;260;187;112;51
Joutsa;4196;87;151;207;160;91;100;142;174;164;208;299;357;388;424;458;325;230;143;88
Juuka;4429;106;128;196;194;95;123;145;176;180;182;282;424;505;465;469;312;225;141;81
Juupajoki;1777;56;95;93;96;42;56;71;104;105;86;108;128;153;167;158;99;81;48;31
Juva;5782;171;231;255;275;158;173;205;235;271;266;368;461;564;566;560;412;309;180;122
Jyväskylä;135385;5949;7096;7362;7544;12941;12038;9404;9018;8203;7090;7037;7780;7631;7417;7658;4786;3365;1901;1165
Jämijärvi;1669;52;97;91;82;59;61;65;74;84;97;101;123;146;169;142;89;67;37;33
Jämsä;19407;542;875;1015;980;756;667;702;904;1032;1003;1349;1554;1651;1657;1827;1221;864;509;299
Järvenpää;41139;2038;2395;2384;2391;2141;2890;2681;2840;2602;2396;2642;2881;2660;2551;2513;1461;926;489;258
Kaarina;31246;1660;1893;2017;1775;998;1477;1809;2039;2271;2097;2200;2116;1894;1942;2049;1393;863;506;247
Kaavi;2758;67;121;117;131;64;88;95;117;113;140;212;236;258;255;283;191;140;91;39
Kajaani;35156;1471;1911;2065;1971;2199;2081;2082;2132;1875;1678;1952;2467;2576;2670;2327;1481;1134;691;393
Kalajoki;12022;596;772;804;730;445;543;596;659;618;625;728;852;832;925;903;587;409;245;153
Kangasala;31290;1641;2047;2211;1958;1101;1411;1760;2045;2167;2155;2166;2082;1876;1908;1849;1295;915;453;250
Kangasniemi;5225;145;231;242;215;153;188;201;226;217;233;330;462;456;494;535;362;286;160;89
Kankaanpää;12251;472;636;619;620;517;553;590;616;597;581;776;981;1073;1100;994;610;500;269;147
Kannonkoski;1297;37;47;73;68;37;28;36;47;46;69;91;110;122;131;129;85;64;53;24
Kannus;5306;292;355;327;361;231;232;296;273;264;276;311;381;394;386;379;220;144;118;66
Karijoki;1176;41;49;44;47;33;47;44;59;44;55;86;96;101;116;103;58;70;51;32
Karkkila;8075;276;408;502;474;278;269;331;469;514;507;563;569;635;650;673;402;259;169;127
Karstula;3805;107;158;202;208;90;109;158;163;160;202;249;310;348;349;372;241;186;128;65
Karvia;2241;74;96;91;109;78;83;68;111;111;106;131;173;209;220;226;145;98;62;50
Kaskinen;781;18;24;28;25;11;18;22;29;23;36;45;52;71;129;101;79;47;17;6
Kauhajoki;12639;517;656;717;751;508;543;568;678;670;669;866;904;982;1024;1060;620;434;282;190
Kauhava;14933;562;778;930;900;513;592;633;753;811;809;927;1117;1110;1144;1252;784;612;457;249
Kauniainen;6043;229;332;396;379;273;305;260;344;408;460;480;478;368;312;373;269;204;120;53
Kaustinen;4050;212;295;260;242;144;182;236;281;242;212;248;236;274;279;258;191;117;93;48
Keitele;2120;76;76;80;82;59;68;70;89;103;81;128;160;223;272;212;136;96;68;41
Kemi;19451;730;931;1037;944;895;865;995;1032;1055;959;1235;1378;1643;1717;1547;935;791;478;284
Kemijärvi;7081;183;235;266;252;148;211;242;294;255;304;439;644;739;785;763;502;425;263;131
Keminmaa;7900;342;492;494;451;299;314;411;486;468;439;483;573;591;618;623;353;238;141;84
Kimitoön;1928;37;72;72;68;42;49;71;86;111;114;143;164;204;220;207;123;70;45;30
Kempele;18513;1293;1542;1613;1288;809;969;1114;1342;1302;1182;1158;1045;934;796;882;574;385;208;77
Kerava;32005;1364;1691;1871;1791;1702;2238;1939;2093;1990;1883;2032;2205;2107;2008;2191;1396;837;434;233
Keuruu;9268;297;455;465;433;287;322;367;405;440;490;567;677;809;878;942;587;430;268;149
Kihniö;1793;40;95;79;72;37;61;61;109;81;72;98;183;177;201;147;107;78;61;34
Kinnula;1587;95;93;90;78;48;63;52;61;46;75;85;133;137;156;140;100;66;52;17
Kirkkonummi;29925;1402;1970;2288;2126;1239;1367;1519;1915;2281;2348;2496;2138;1812;1700;1541;940;509;239;95
Kitee;9428;251;378;415;406;211;292;335;372;355;428;612;801;969;1052;913;666;498;319;155
Kittilä;6161;265;328;335;290;232;348;411;443;401;312;414;502;508;435;394;188;179;119;57
Kiuruvesi;7740;333;383;410;393;241;340;334;393;364;327;498;597;701;695;625;436;310;218;142
Kivijärvi;1093;42;42;60;39;24;42;32;43;40;40;73;86;100;110;106;95;61;38;20
Kokemäki;6782;244;272;345;331;236;263;328;312;326;405;447;553;574;560;598;401;297;178;112
Kokkola;40042;2164;2675;2665;2471;2114;2279;2397;2517;2477;2193;2371;2402;2305;2493;2692;1682;1101;689;355
Kolari;3835;160;227;205;155;109;190;226;251;198;173;237;320;331;330;292;184;142;80;25
Konnevesi;2566;79;109;136;129;74;78;97;115;128;128;159;208;243;217;268;132;134;85;47
Kontiolahti;14511;832;1134;1115;950;420;645;840;1100;1047;954;923;960;954;934;776;446;255;142;84
Korsnäs;75;2;5;4;1;1;0;5;2;4;4;6;5;9;6;15;5;1;0;0
Koski Tl;2190;78;109;117;103;72;76;71;108;121;115;115;164;181;160;202;145;110;102;41
Kotka;46313;1572;2024;2233;2302;2298;2387;2325;2490;2558;2587;3008;3329;3442;3650;3963;2695;1664;1128;658
Kouvola;77343;2662;3498;3825;3953;3203;3852;3895;4122;4265;4098;5107;5921;6115;6213;6370;4188;3090;1866;1100
Kristinestad;2647;81;91;119;90;74;89;89;101;123;120;177;211;233;295;330;172;132;66;54
Kronoby;1230;56;62;76;63;43;63;77;83;78;81;66;104;82;84;79;61;39;24;9
Kuhmo;7852;200;284;383;314;187;243;267;335;340;379;496;681;754;882;786;536;417;248;120
Kuhmoinen;2133;49;52;69;82;44;47;79;76;94;98;125;164;209;207;276;166;155;82;59
Kumlinge;18;0;0;2;0;0;0;0;0;1;0;0;4;4;2;2;2;1;0;0
Kuopio;114984;4943;5866;5647;6216;8790;8961;7494;7181;6316;5731;6838;7624;7533;7573;7296;4549;3278;2009;1139
Kuortane;3462;124;145;212;211;99;107;112;178;203;190;227;255;235;308;294;203;158;124;77
Kurikka;20025;784;1048;1113;1108;698;812;865;1041;1006;1055;1279;1410;1570;1759;1773;1071;791;519;323
Kustavi;926;27;28;31;22;22;24;37;29;29;50;62;99;95;106;116;76;38;19;16
Kuusamo;14772;581;755;826;772;490;600;692;766;736;736;915;1282;1355;1314;1082;745;601;343;181
Kyyjärvi;1260;51;77;68;61;34;24;42;48;62;54;70;99;127;122;132;78;58;42;11
Kärkölä;4155;134;201;224;210;134;168;171;198;250;252;336;347;343;320;381;230;133;79;44
Kärsämäki;2505;105;146;193;166;86;117;97;122;114;120;141;188;189;199;187;136;108;58;33
Kökar;23;0;0;0;0;2;2;0;2;3;0;3;1;2;2;2;2;1;1;0
Lahti;110470;4397;5249;5663;5885;6215;7168;6517;6546;6491;6028;6853;7271;7109;7786;8572;5548;3814;2144;1214
Laihia;7776;388;583;582;452;199;277;410;523;612;482;452;463;500;534;549;335;192;152;91
Laitila;7750;324;451;464;425;258;352;401;444;450;448;504;544;573;576;566;394;281;182;113
Lapinjärvi;1689;79;68;95;79;55;58;84;106;91;89;119;136;131;135;136;103;53;40;32
Lapinlahti;9161;325;466;569;516;302;344;448;541;473;452;625;692;755;784;782;427;326;206;128
Lappajärvi;2781;102;148;141;123;61;73;130;109;106;121;135;223;271;273;270;210;137;88;60
Lappeenranta;66837;2454;3194;3390;3484;5183;3977;3648;3907;3778;3594;4153;4281;4650;4769;4709;3198;2203;1458;807
Lapua;13813;657;940;881;890;517;567;633;861;831;829;887;899;942;966;977;594;456;289;197
Laukaa;18539;1067;1573;1499;1136;525;694;957;1289;1317;1116;1133;1177;1213;1161;1114;674;475;276;143
Lemi;2881;125;199;182;149;72;108;133;174;179;181;194;232;196;204;218;139;88;64;44
Lemland;71;0;2;2;3;2;1;3;9;4;8;6;7;1;7;7;6;1;1;1
Lempäälä;23115;1365;1873;1942;1533;808;1070;1401;1677;1818;1584;1496;1376;1192;1186;1166;727;480;264;157
Leppävirta;9196;320;410;493;432;239;311;368;437;508;477;651;768;839;828;775;527;409;278;126
Lestijärvi;707;37;33;36;36;20;26;21;31;24;35;30;73;80;67;67;32;25;18;16
Lieksa;10270;251;359;379;363;240;367;355;408;376;467;623;881;1150;1187;1112;726;542;326;158
Lieto;19149;978;1383;1360;1223;567;774;1048;1383;1396;1283;1445;1327;1082;1055;1184;727;487;300;147
Liminka;10143;821;1184;1228;953;293;448;540;773;786;743;518;434;352;330;289;205;117;78;51
Liperi;11773;583;783;792;609;347;522;683;737;783;637;793;866;956;825;764;478;327;185;103
Lohja;42037;1606;2298;2661;2545;1627;1844;1903;2226;2605;2658;3095;3223;3037;3043;3110;2013;1364;771;408
Loimaa;15108;548;699;784;786;560;627;685;769;821;760;937;1092;1237;1268;1316;872;607;416;324
Loppi;7611;285;418;526;480;224;223;298;426;478;461;572;641;570;576;565;380;267;138;83
Loviisa;8171;264;366;442;392;266;331;409;447;502;522;578;679;682;693;695;413;238;158;94
Luhanka;689;11;25;22;23;19;17;18;21;25;34;53;70;61;76;81;47;39;35;12
Lumijoki;2004;144;184;220;181;65;89;82;127;117;102;95;109;113;123;103;56;42;34;18
Lumparland;24;0;1;2;3;1;0;1;4;1;0;1;4;2;2;1;1;0;0;0
Larsmo;306;9;15;10;15;12;10;12;21;16;26;27;39;25;23;28;5;7;2;4
Luumäki;4358;131;184;219;195;111;133;158;181;205;233;303;341;419;423;428;259;206;139;90
Malax;529;19;26;19;16;9;22;36;38;36;28;32;44;50;56;38;25;16;15;4
Mariehamn;565;6;18;14;8;23;27;29;23;46;32;51;50;45;53;64;37;25;10;4
Marttila;1924;84;110;109;86;65;63;84;123;134;115;121;135;149;141;157;115;61;38;34
Masku;9227;464;649;721;610;239;343;478;616;700;694;676;707;552;526;530;337;211;109;65
Merijärvi;1075;87;106;70;78;34;67;52;43;38;39;57;74;66;75;85;34;27;31;12
Merikarvia;3002;124;154;141;150;73;81;98;150;148;128;169;257;253;309;265;180;139;109;74
Miehikkälä;1763;37;57;83;79;41;46;56;60;93;93;146;137;143;178;182;126;104;59;43
Mikkeli;50304;1982;2425;2554;2598;2620;2691;2766;2778;2750;2659;3175;3472;3724;3908;3901;2628;1882;1153;638
Muhos;8776;535;751;771;697;277;395;458;537;590;476;512;583;569;536;411;253;209;127;89
Multia;1535;51;71;90;73;33;42;59;49;72;75;82;124;164;158;132;84;70;76;30
Muonio;2187;86;115;129;108;77;118;104;121;106;125;138;144;175;186;173;129;83;49;21
Korsholm;5551;277;408;442;303;138;221;358;433;453;390;380;367;363;345;290;189;113;53;28
Muurame;10102;536;843;817;663;243;358;612;721;799;700;661;647;583;613;563;355;222;116;50
Mynämäki;7397;315;369;418;393;243;312;326;460;416;416;513;609;546;587;557;380;254;170;113
Myrskylä;1613;54;85;96;63;61;63;77;103;87;85;117;121;121;135;130;98;57;35;25
Mäntsälä;19796;1000;1344;1502;1293;766;838;951;1209;1342;1386;1430;1450;1276;1239;1157;738;445;289;141
Mänttä-Vilppula;9422;278;381;412;438;315;334;336;412;502;512;585;650;837;942;968;572;485;273;190
Mäntyharju;5525;147;221;245;245;155;157;187;228;232;263;328;461;547;582;592;378;291;171;95
Naantali;18613;694;943;1117;1050;557;722;835;949;1159;1202;1442;1467;1473;1493;1468;945;583;317;197
Nakkila;5141;169;284;301;292;190;215;216;279;317;273;373;375;354;366;439;298;217;113;70
Nivala;10394;625;846;873;757;455;503;538;644;558;490;512;538;615;716;645;408;335;210;126
Nokia;33387;1614;2192;2358;1950;1325;1503;1879;2341;2480;2305;2224;2087;2034;1991;2134;1299;815;569;287
Nousiainen;4570;213;317;341;298;125;202;208;316;386;290;304;308;302;321;258;160;95;69;57
Nurmes;9304;272;384;412;432;262;352;396;419;418;415;509;752;903;969;890;594;457;295;173
Nurmijärvi;40537;2048;2811;3106;2908;1732;1906;2043;2415;2814;2979;3203;2975;2353;2144;2104;1432;902;455;207
Närpes;507;13;20;19;14;14;14;19;28;27;37;26;45;54;48;63;32;21;5;8
Orimattila;15307;678;879;954;869;514;634;687;871;968;965;1032;1146;1093;1128;1173;699;533;274;210
Oripää;1231;51;65;82;82;54;54;40;65;66;74;71;73;87;103;88;61;45;39;31
Orivesi;8850;323;463;503;451;254;306;407;477;502;461;611;664;736;668;804;478;356;239;147
Oulainen;7037;315;430;490;474;269;311;309;374;370;357;368;459;546;528;515;340;257;205;120
Oulu;197312;9736;11930;12630;12742;16749;15859;13020;13140;13093;11247;11108;11308;10737;10356;9521;6095;4101;2561;1379
Outokumpu;6298;202;321;337;284;263;231;286;334;306;278;352;399;566;647;597;375;271;164;85
Padasjoki;2807;73;85;122;124;60;82;69;116;111;126;168;230;267;307;326;223;160;100;58
Paimio;10480;584;719;697;601;337;462;584;747;734;642;663;659;651;677;732;441;265;176;109
Paltamo;3199;95;134;165;155;90;112;113;152;143;131;205;288;317;333;288;203;142;86;47
Pargas;6286;174;310;356;331;188;190;249;348;426;451;535;542;527;520;525;309;186;75;44
Parikkala;4541;136;163;160;140;90;126;146;168;166;205;311;412;430;498;536;340;282;142;90
Parkano;6212;240;278;322;312;222;267;246;307;288;278;377;448;518;583;589;411;266;162;98
Pedersöre;946;51;52;72;47;34;46;38;57;64;62;59;73;74;59;82;43;19;10;4
Pelkosenniemi;917;28;31;27;18;10;29;36;45;55;42;61;73;118;106;100;56;38;32;12
Pello;3249;85;116;97;127;73;105;108;128;98;116;181;302;365;389;365;216;176;142;60
Perho;2672;190;238;256;198;105;104;116;152;135;92;108;144;172;189;198;116;71;56;32
Pertunmaa;1618;39;51;75;71;41;33;39;55;87;90;93;140;166;169;170;119;88;54;38
Petäjävesi;3706;164;248;292;209;108;127;161;236;245;188;268;280;254;256;276;174;117;65;38
Pieksämäki;16864;521;700;744;775;579;646;758;812;755;788;1027;1446;1599;1670;1500;1015;759;518;252
Pielavesi;4237;146;179;247;201;106;125;134;171;175;158;262;322;396;439;441;283;214;154;84
Jakobstad;6474;211;273;324;344;241;272;264;317;328;379;477;535;483;492;582;401;305;162;84
Pihtipudas;3895;130;179;248;216;114;136;141;175;195;188;266;290;337;337;320;233;199;129;62
Pirkkala;18977;1019;1407;1360;1205;739;916;1149;1409;1419;1320;1270;1191;1019;936;1061;765;444;239;109
Polvijärvi;4157;174;182;197;167;94;140;200;199;195;207;240;345;398;450;390;226;187;105;61
Pomarkku;2040;68;115;117;115;51;53;87;109;106;105;137;139;183;175;163;120;101;64;32
Pori;80127;3100;3853;4143;4171;4623;4760;4566;4705;4419;4156;5077;5487;5337;5684;6105;4079;2996;1843;1023
Pornainen;4785;233;328;393;388;161;197;220;289;328;355;382;369;326;272;232;139;82;56;35
Porvoo;32388;1312;1873;2093;2032;1465;1629;1683;1929;2304;2308;2374;2433;2175;2056;2105;1238;757;420;202
Posio;3069;62;89;106;117;61;69;82;92;100;155;214;312;334;378;369;229;165;98;37
Pudasjärvi;7582;277;431;427;397;203;253;309;327;301;332;479;612;718;730;642;434;371;223;116
Pukkila;1765;65;105;111;99;68;64;66;86;88;133;156;159;138;106;121;87;61;34;18
Punkalaidun;2719;95;103;138;127;86;87;89;113;123;153;171;210;221;264;232;183;139;105;80
Puolanka;2445;56;74;93;80;66;65;66;87;82;109;174;221;296;283;254;190;129;77;43
Puumala;2091;30;45;68;80;51;56;68;76;61;92;135;160;241;264;279;158;102;66;59
Pyhtää;4568;181;286;279;227;94;151;199;298;329;267;336;356;362;344;364;218;142;80;55
Pyhäjoki;2951;132;181;199;171;85;100;143;144;185;147;183;192;197;225;283;150;105;74;55
Pyhäjärvi;4966;200;252;254;228;148;162;199;214;226;205;278;389;428;476;484;323;241;162;97
Pyhäntä;1552;97;125;118;110;69;68;72;77;74;61;68;100;140;128;94;60;54;23;14
Pyhäranta;1944;84;112;98;93;52;67;86;119;100;104;144;170;137;170;165;97;72;53;21
Pälkäne;6221;244;295;365;332;173;211;261;310;343;345;438;512;519;488;537;337;267;158;86
Pöytyä;7846;345;508;516;457;265;306;394;420;483;424;535;561;543;592;572;379;275;170;101
Raahe;23598;1084;1518;1659;1474;995;997;1054;1381;1386;1342;1430;1355;1649;1912;1831;1158;696;446;231
Raasepori;8476;257;380;436;425;291;330;385;463;528;572;648;722;730;728;669;420;269;146;77
Raisio;21851;923;1137;1152;1172;855;1160;1191;1267;1378;1282;1539;1715;1550;1565;1538;963;766;458;240
Rantasalmi;3246;102;138;127;146;75;105;124;111;139;161;217;297;323;342;323;201;155;98;62
Ranua;3672;139;225;280;226;126;132;131;136;164;149;205;300;361;327;316;169;156;89;41
Rauma;36239;1402;1756;1942;1847;1875;1927;1862;1975;2171;2023;2296;2506;2524;2776;2818;1849;1348;857;485
Rautalampi;2976;78;113;162;162;77;75;108;138;128;153;184;245;258;298;309;195;153;94;46
Rautavaara;1543;33;51;73;62;29;37;71;53;42;70;97;161;157;168;153;99;104;59;24
Rautjärvi;3063;66;96;117;101;83;76;87;104;122;165;193;291;315;356;328;217;161;116;69
Reisjärvi;2698;150;173;184;183;113;112;134;129;124;115;171;182;188;209;175;151;97;56;52
Riihimäki;27076;1062;1416;1661;1614;1386;1541;1456;1607;1663;1618;1832;1896;1901;1857;1837;1147;795;476;311
Ristijärvi;1218;38;40;46;41;14;51;38;51;48;38;67;123;149;119;131;82;52;45;45
Rovaniemi;60953;2885;3494;3550;3386;4465;4406;4148;4063;3461;2887;3334;4116;4239;3868;3443;2035;1652;1030;491
Ruokolahti;4755;127;204;254;193;82;103;183;188;251;281;339;408;435;470;454;295;239;165;84
Ruovesi;4146;113;149;196;204;115;106;129;180;174;222;275;324;371;407;429;286;219;162;85
Rusko;6090;367;457;393;370;168;210;335;445;476;384;474;417;366;363;353;215;153;91;53
Rääkkylä;1993;33;68;63;66;29;45;56;64;95;95;130;181;226;246;236;155;95;66;44
Saarijärvi;9087;334;429;496;459;254;316;340;427;405;459;567;749;828;888;786;500;447;246;157
Salla;3326;58;101;128;114;77;103;92;132;150;145;176;333;387;386;348;190;206;129;71
Salo;47621;1544;2192;2776;2714;1721;1893;2104;2452;2853;2926;3491;3511;3519;3808;3940;2588;1835;1102;652
Saltvik;67;2;3;2;0;0;3;1;2;7;8;4;9;3;5;10;6;2;0;0
Sastamala;23367;857;1155;1315;1250;814;887;1054;1218;1253;1252;1570;1715;1810;1984;1915;1267;998;643;410
Sauvo;2781;98;154;165;151;65;79;118;165;148;184;219;238;215;250;234;132;83;50;33
Savitaipale;3274;86;125;152;136;68;94;113;124;128;174;198;281;296;298;323;232;204;157;85
Savonlinna;31359;895;1248;1471;1635;1266;1213;1347;1496;1458;1537;2064;2420;2763;2906;2871;1979;1388;915;487
Savukoski;998;33;37;30;43;24;33;43;43;42;44;72;103;121;95;86;70;38;31;10
Seinäjoki;62144;3167;3824;3668;3731;4213;4470;4058;4132;3726;3275;3501;3727;3691;3759;3637;2296;1685;959;625
Sievi;4750;298;413;489;399;207;199;205;259;257;252;265;267;274;287;256;169;125;65;64
Siikainen;1366;36;62;58;63;34;29;41;51;57;73;108;110;132;137;134;93;71;53;24
Siikajoki;4955;262;378;413;326;159;172;212;312;267;239;263;322;390;418;348;196;125;89;64
Siikalatva;5159;206;273;310;258;165;175;214;260;246;241;360;398;424;440;407;274;277;144;87
Siilinjärvi;20921;1067;1508;1505;1280;691;871;1190;1447;1340;1240;1425;1458;1388;1328;1271;845;603;314;150
Simo;2921;83;139;173;166;57;88;110;144;143;137;161;254;246;310;283;187;136;63;41
Sipoo;13945;686;858;991;906;661;680;693;865;1134;1109;1254;1173;879;637;619;364;230;138;68
Siuntio;4062;163;200;308;273;141;156;170;238;347;343;401;334;282;243;244;118;67;23;11
Sodankylä;7982;276;398;375;319;281;409;463;449;368;356;535;731;739;662;678;363;326;175;79
Soini;1980;80;133;97;101;75;64;93;85;77;69;138;174;152;178;155;118;99;62;30
Somero;8290;273;394;421;440;266;302;317;398;397;429;571;620;668;718;712;507;434;247;176
Sonkajärvi;3809;119;154;190;173;96;120;147;180;175;164;251;328;393;402;357;215;175;108;62
Sotkamo;9956;407;523;553;543;345;395;436;586;618;518;636;761;865;841;730;488;337;229;145
Sottunga;3;0;0;0;0;0;0;0;0;0;0;0;0;1;1;0;1;0;0;0
Sulkava;2404;51;74;71;115;78;87;77;93;74;110;146;211;252;241;266;165;147;88;58
Sund;49;3;1;2;2;1;1;1;4;7;4;3;5;2;4;5;1;2;0;1
Suomussalmi;7362;171;268;272;318;160;197;232;285;333;334;518;671;747;848;764;476;380;258;130
Suonenjoki;6776;237;316;329;316;218;250;300;361;365;359;411;512;551;617;598;410;304;195;127
Sysmä;3553;74;112;110;138;81;92;94;109;112;176;229;311;355;369;409;306;237;143;96
Säkylä;6467;221;281;334;312;211;229;291;317;316;334;476;512;534;580;574;396;255;196;98
Taipalsaari;4392;147;245;272;270;101;165;177;206;278;261;304;362;406;374;336;218;143;90;37
Taivalkoski;3842;130;177;248;200;136;162;162;145;143;169;273;319;373;364;320;208;176;92;45
Taivassalo;1564;59;70;76;57;30;43;70;80;81;69;94;134;145;159;142;97;68;49;41
Tammela;5889;228;264;382;344;207;210;225;299;304;341;458;477;498;464;480;264;209;141;94
Tampere;220141;8952;9768;9420;10200;21710;21623;17509;15516;12981;10831;11813;12413;12150;11921;12676;8620;6005;3758;2275
Tervo;1477;43;58;37;57;30;43;53;71;55;69;81;119;175;183;154;80;68;67;34
Tervola;2876;124;162;158;155;100;125;108;143;115;116;183;260;266;220;205;174;128;92;42
Teuva;4888;174;249;265;264;165;138;201;203;218;229;300;395;389;438;450;302;227;177;104
Tohmajärvi;4085;146;194;199;169;103;116;146;190;192;225;256;350;393;422;379;260;180;98;67
Toholampi;2914;135;186;213;205;82;100;133;114;153;126;196;204;237;209;235;164;114;69;39
Toivakka;2376;105;164;178;115;44;66;105;136;135;154;150;162;187;184;203;126;83;50;29
Tornio;20791;977;1196;1316;1266;1009;1151;1073;1152;1223;1169;1204;1397;1485;1632;1546;831;580;357;227
Turku;159812;5814;6186;6102;6924;16548;15189;11476;10018;8909;7774;8805;9292;9245;9603;10470;7286;4878;3165;2128
Tuusniemi;2383;57;85;99;95;42;47;83;123;90;93;167;219;298;269;245;150;120;65;36
Tuusula;35749;1524;2205;2680;2542;1241;1406;1692;2197;2680;2781;2933;2704;2226;2056;2135;1331;789;438;189
Tyrnävä;6543;504;729;788;485;201;283;380;443;416;354;350;358;344;283;246;149;118;71;41
Ulvila;12471;507;752;790;697;373;573;599;762;791;706;814;840;881;878;1016;640;498;230;124
Urjala;4510;151;202;231;199;124;138;187;230;255;270;285;340;371;415;412;272;216;121;91
Utajärvi;2571;78;143;152;157;70;76;108;118;107;120;151;236;223;256;211;139;93;88;45
Utsjoki;652;21;18;21;15;14;43;45;43;36;48;53;53;59;57;64;31;17;8;6
Uurainen;3600;254;331;332;206;76;146;203;208;256;240;211;212;195;219;222;141;78;49;21
Nykarleby;493;16;23;27;16;13;20;30;25;24;33;35;34;47;40;46;25;21;9;9
Uusikaupunki;14305;459;690;706;663;537;701;680;718;777;806;901;1135;1072;1222;1304;830;586;321;197
Vaala;2711;85;101;117;134;75;90;73;100;98;117;186;244;273;302;265;188;137;86;40
Vaasa;45486;1746;2227;2422;2603;4101;3231;2702;2854;2737;2479;2749;2754;2686;2851;2735;1914;1349;877;469
Valkeakoski;20021;773;1101;1255;1083;811;813;935;1182;1275;1272;1264;1304;1256;1450;1727;1082;728;432;278
Vantaa;180471;8686;9588;10309;9823;11184;13707;12689;12633;12159;11190;12032;12293;10527;9692;9934;6701;4147;2231;946
Varkaus;19578;594;785;927;970;745;883;820;918;999;1021;1218;1609;1728;1837;1706;1147;814;546;311
Vehmaa;2209;84;111;118;105;66;105;106;101;142;121;146;167;176;185;175;115;80;67;39
Vesanto;1937;38;57;82;75;48;52;55;69;74;80;135;157;186;208;241;143;105;81;51
Vesilahti;4277;194;305;343;319;104;161;167;250;330;331;352;321;289;243;224;135;96;72;41
Veteli;2950;106;158;199;151;107;117;119;149;157;152;170;193;231;289;242;149;124;99;38
Vieremä;3408;123;187;178;188;128;140;163;157;193;182;253;266;285;293;252;172;117;85;46
Vihti;26900;1207;1632;1999;1692;1065;1099;1349;1696;1973;1880;2008;1939;1729;1733;1704;1042;622;346;185
Viitasaari;5990;212;217;258;273;200;229;243;261;252;241;343;504;542;608;571;382;315;227;112
Vimpeli;2745;80;147;158;174;84;99;93;133;153;138;188;206;247;267;230;125;104;69;50
Virolahti;2885;72;121;144;136;84;77;100;143;166;167;186;242;260;272;273;187;129;72;54
Virrat;6367;180;259;306;308;189;178;254;259;268;344;401;499;487;633;674;425;313;245;145
Vårdö;23;0;0;0;0;0;0;2;1;1;0;1;2;1;5;2;5;1;1;1
Vöyri;809;33;33;40;39;29;35;33;39;54;49;54;73;78;58;64;49;24;18;7
Ylitornio;3760;81;118;152;151;122;117;120;151;146;158;214;355;394;393;366;259;220;165;78
Ylivieska;15039;933;1152;1073;1009;749;881;1029;1051;866;708;703;816;949;934;856;540;386;258;146
Ylöjärvi;32360;1822;2446;2458;2098;1004;1457;1957;2265;2279;2106;2171;2146;2033;1790;1784;1175;720;432;217
Ypäjä;2262;66;98;122;110;93;100;102;111;142;126;158;179;190;201;195;106;73;50;40
Ähtäri;5458;189;234;312;286;167;176;228;275;261;247;334;413;481;529;561;300;248;136;81
Äänekoski;18211;706;989;1104;1071;736;713;773;900;1059;1024;1168;1383;1444;1427;1483;962;686;397;186
